Management,Site,Rep,Blk,Plot,Entry,gyf,ad,asi,ph,eh,epo
Low N,1,1,1,1,10,1.42,85,0,90,40,0.44
Low N,1,1,1,2,16,.,85,0,110,40,0.36
Low N,1,1,1,3,3,1.17,82,0,110,60,0.55
Low N,1,1,1,5,2,1.24,85,0,140,65,0.46
Low N,1,1,1,6,57,0.21,86,0,145,60,0.41
Low N,1,1,1,7,22,0.96,83,0,120,45,0.38
Low N,1,1,1,8,53,0.96,79,0,150,50,0.33
Low N,1,1,1,9,32,0.53,88,0,160,60,0.38
Low N,1,1,1,10,13,0.36,83,0,145,60,0.41
Low N,1,1,2,11,24,0.6,78,0,110,60,0.55
Low N,1,1,2,12,50,0.43,82,0,95,35,0.37
Low N,1,1,2,13,6,1,83,0,95,45,0.47
Low N,1,1,2,14,82,0.07,81,0,120,50,0.42
Low N,1,1,2,15,1,0.71,89,0,165,80,0.48
Low N,1,1,2,16,87,0.5,85,0,105,45,0.43
Low N,1,1,2,17,21,1.14,81,0,120,50,0.42
Low N,1,1,2,18,65,0.14,78,0,145,70,0.48
Low N,1,1,2,20,56,0.36,89,0,100,50,0.5
Low N,1,1,3,21,70,0.6,98,0,110,50,0.45
Low N,1,1,3,22,44,0.68,87,0,145,60,0.41
Low N,1,1,3,24,63,1.14,83,0,110,45,0.41
Low N,1,1,3,25,34,1.53,81,0,145,60,0.41
Low N,1,1,3,26,72,0.43,85,0,130,60,0.46
Low N,1,1,3,27,48,0.64,80,0,150,60,0.4
Low N,1,1,3,28,35,0.64,83,0,165,60,0.36
Low N,1,1,3,29,77,1.71,78,0,130,60,0.46
Low N,1,1,3,30,84,0.39,80,0,115,40,0.35
Low N,1,1,4,31,62,0.64,89,0,140,70,0.5
Low N,1,1,4,33,49,0.14,97,0,130,40,0.31
Low N,1,1,4,34,55,0.14,90,0,130,40,0.31
Low N,1,1,4,35,43,0.25,88,0,95,40,0.42
Low N,1,1,4,37,30,0.68,85,0,115,40,0.35
Low N,1,1,4,38,71,0.25,87,0,130,60,0.46
Low N,1,1,4,39,25,0.78,89,0,140,60,0.43
Low N,1,1,4,42,66,0.71,82,0,135,50,0.37
Low N,1,1,4,44,75,1.63,85,0,85,30,0.35
Low N,1,1,5,45,20,1.49,82,0,135,70,0.52
Low N,1,1,5,46,80,0.78,84,0,120,40,0.33
Low N,1,1,5,47,60,0.6,85,0,120,40,0.33
Low N,1,1,5,48,11,0.43,88,0,135,40,0.3
Low N,1,1,5,49,36,0.11,89,0,130,60,0.46
Low N,1,1,5,50,69,0.43,83,0,120,60,0.5
Low N,1,1,5,51,42,1.42,78,0,145,55,0.38
Low N,1,1,5,52,74,2.32,75,0,130,60,0.46
Low N,1,1,5,53,83,0.78,76,0,155,60,0.39
Low N,1,1,6,54,76,1.14,87,0,100,50,0.5
Low N,1,1,6,56,33,0.82,87,0,130,50,0.38
Low N,1,1,6,58,64,1.14,86,0,130,60,0.46
Low N,1,1,6,60,47,0.36,82,0,135,75,0.56
Low N,1,1,6,61,7,0.46,95,0,130,50,0.38
Low N,1,1,6,62,5,1.14,84,0,160,80,0.5
Low N,1,1,6,63,59,0.57,78,0,165,70,0.42
Low N,1,1,6,64,17,0.07,86,0,145,60,0.41
Low N,1,1,6,65,88,0.36,85,0,160,80,0.5
Low N,1,1,7,66,8,0.75,83,0,145,70,0.48
Low N,1,1,7,68,54,0.75,79,0,110,40,0.36
Low N,1,1,7,69,12,.,89,0,125,40,0.32
Low N,1,1,7,70,81,0.96,72,0,115,50,0.43
Low N,1,1,7,71,37,0.36,83,0,105,50,0.48
Low N,1,1,7,72,39,.,84,0,100,40,0.4
Low N,1,1,7,73,45,0.07,80,0,100,55,0.55
Low N,1,1,7,74,61,.,.,.,125,50,0.4
Low N,1,1,7,75,46,1.03,86,0,115,50,0.43
Low N,1,1,8,76,27,0.96,80,0,125,50,0.4
Low N,1,1,8,77,89,0.21,86,0,110,40,0.36
Low N,1,1,8,78,41,0.53,80,0,135,60,0.44
Low N,1,1,8,79,4,1.24,76,0,145,80,0.55
Low N,1,1,8,80,79,.,79,0,115,40,0.35
Low N,1,1,8,81,90,1,84,0,140,50,0.36
Low N,1,1,8,82,58,0.53,88,0,160,70,0.44
Low N,1,1,8,83,86,0.39,89,0,130,70,0.54
Low N,1,1,8,84,67,0.21,86,0,130,60,0.46
Low N,1,1,9,85,31,0.36,88,0,160,60,0.38
Low N,1,1,9,86,9,0.53,87,0,95,40,0.42
Low N,1,1,9,87,19,0.14,86,0,110,40,0.36
Low N,1,1,9,88,15,0.39,79,0,110,50,0.45
Low N,1,1,9,91,52,0.5,83,0,130,50,0.38
Low N,1,1,9,92,73,1,76,0,105,40,0.38
Low N,1,1,9,93,40,1.07,82,0,140,70,0.5
Low N,1,1,9,96,29,0.5,81,0,145,60,0.41
Low N,1,1,9,98,51,1.03,78,0,145,60,0.41
Low N,1,1,10,99,14,1.17,84,0,150,70,0.47
Low N,1,1,10,100,28,.,87,0,120,40,0.33
Low N,1,1,10,101,18,0.04,82,0,125,35,0.28
Low N,1,1,10,102,26,0.36,88,0,100,40,0.4
Low N,1,1,10,103,78,1.28,75,0,135,65,0.48
Low N,1,1,10,104,85,0.43,92,0,120,50,0.42
Low N,1,1,10,105,23,0.64,81,0,130,60,0.46
Low N,1,1,10,106,68,0.68,89,0,140,80,0.57
Low N,1,1,10,107,38,0.28,92,0,100,60,0.6
Low N,1,2,1,109,35,0.18,88,0,130,50,0.38
Low N,1,2,1,110,89,0.5,86,0,100,50,0.5
Low N,1,2,1,111,85,0.92,92,0,130,60,0.46
Low N,1,2,1,112,20,1.49,79,0,155,90,0.58
Low N,1,2,1,113,2,0.25,92,0,120,60,0.5
Low N,1,2,1,114,34,1.07,85,0,135,60,0.44
Low N,1,2,1,115,40,0.14,88,0,130,60,0.46
Low N,1,2,1,116,8,0.5,86,0,120,70,0.58
Low N,1,2,1,117,83,0.39,81,0,125,40,0.32
Low N,1,2,2,118,69,0.39,84,0,115,50,0.43
Low N,1,2,2,120,29,1.14,80,0,155,90,0.58
Low N,1,2,2,121,84,0.39,77,0,105,50,0.48
Low N,1,2,2,122,15,0.6,76,0,115,55,0.48
Low N,1,2,2,123,13,0.18,85,0,125,50,0.4
Low N,1,2,2,124,59,0.04,89,0,135,55,0.41
Low N,1,2,2,125,4,1.17,74,0,145,70,0.48
Low N,1,2,2,126,23,0.28,79,0,140,50,0.36
Low N,1,2,2,127,42,0.21,84,0,140,50,0.36
Low N,1,2,3,130,28,0.46,88,0,100,40,0.4
Low N,1,2,3,131,1,0.46,93,0,140,70,0.5
Low N,1,2,3,133,30,0.75,80,0,140,50,0.36
Low N,1,2,3,134,58,1.07,83,0,135,70,0.52
Low N,1,2,3,135,10,0.82,82,0,130,70,0.54
Low N,1,2,3,136,48,0.43,82,0,140,60,0.43
Low N,1,2,3,137,27,1.21,77,0,130,60,0.46
Low N,1,2,3,138,67,0.28,93,0,135,40,0.3
Low N,1,2,3,141,50,0.5,88,0,90,35,0.39
Low N,1,2,4,142,52,0.68,83,0,135,60,0.44
Low N,1,2,4,143,32,1.24,88,0,140,60,0.43
Low N,1,2,4,145,41,.,83,0,140,70,0.5
Low N,1,2,4,146,87,1.35,80,0,110,60,0.55
Low N,1,2,4,147,86,0.39,88,0,160,70,0.44
Low N,1,2,4,148,56,0.64,83,0,150,70,0.47
Low N,1,2,4,149,81,0.75,75,0,135,60,0.44
Low N,1,2,4,150,11,1.42,82,0,140,60,0.43
Low N,1,2,4,151,43,0.43,87,0,145,65,0.45
Low N,1,2,5,152,3,1.03,83,0,170,80,0.47
Low N,1,2,5,153,25,0.75,86,0,135,70,0.52
Low N,1,2,5,154,66,0.71,79,0,140,65,0.46
Low N,1,2,5,155,19,0.32,85,0,125,50,0.4
Low N,1,2,5,157,38,0.85,85,0,125,60,0.48
Low N,1,2,5,158,79,0.14,83,0,115,40,0.35
Low N,1,2,5,159,53,1.21,74,0,145,50,0.34
Low N,1,2,5,160,51,1.67,76,0,145,50,0.34
Low N,1,2,5,161,77,0.85,83,0,125,50,0.4
Low N,1,2,6,162,17,0.04,86,0,145,50,0.34
Low N,1,2,6,163,72,0.64,87,0,110,40,0.36
Low N,1,2,6,164,64,0.36,89,0,100,40,0.4
Low N,1,2,6,165,55,.,95,0,90,45,0.5
Low N,1,2,6,166,82,0.11,75,0,100,30,0.3
Low N,1,2,6,168,57,1,81,0,120,40,0.33
Low N,1,2,6,170,60,0.64,79,0,110,40,0.36
Low N,1,2,6,171,54,0.78,78,0,110,45,0.41
Low N,1,2,6,172,39,1.17,80,0,110,60,0.55
Low N,1,2,7,175,62,0.71,86,0,140,60,0.43
Low N,1,2,7,176,78,1.28,76,0,115,50,0.43
Low N,1,2,7,178,9,1.03,79,0,100,50,0.5
Low N,1,2,7,179,74,1.46,75,0,115,45,0.39
Low N,1,2,7,180,71,0.14,82,0,120,60,0.5
Low N,1,2,7,181,47,.,85,0,135,65,0.48
Low N,1,2,7,182,73,1.96,74,0,145,50,0.34
Low N,1,2,7,184,90,0.5,83,0,100,30,0.3
Low N,1,2,7,185,70,0.89,89,0,145,60,0.41
Low N,1,2,8,186,75,1.63,.,.,65,25,0.38
Low N,1,2,8,187,88,1.78,86,0,145,70,0.48
Low N,1,2,8,188,24,1.28,71,0,165,65,0.39
Low N,1,2,8,189,26,0.71,86,0,120,50,0.42
Low N,1,2,8,190,31,0.64,87,0,155,60,0.39
Low N,1,2,8,191,16,1.42,77,0,160,70,0.44
Low N,1,2,8,192,18,0.21,83,0,125,50,0.4
Low N,1,2,8,193,61,0.18,93,0,130,65,0.5
Low N,1,2,8,195,33,0.5,82,0,125,60,0.48
Low N,1,2,9,196,6,1.1,86,0,130,55,0.42
Low N,1,2,9,197,63,0.85,80,0,120,60,0.5
Low N,1,2,9,198,76,1.88,79,0,125,50,0.4
Low N,1,2,9,200,36,0.32,85,0,160,70,0.44
Low N,1,2,9,201,22,0.43,82,0,145,65,0.45
Low N,1,2,9,202,5,0.28,82,0,145,80,0.55
Low N,1,2,9,203,45,0.25,77,0,145,80,0.55
Low N,1,2,9,204,44,0.57,86,0,145,80,0.55
Low N,1,2,9,205,14,0.85,78,0,145,80,0.55
Low N,1,2,10,206,12,0.39,79,0,130,50,0.38
Low N,1,2,10,207,21,1.03,75,0,105,50,0.48
Low N,1,2,10,208,37,0.07,93,0,100,40,0.4
Low N,1,2,10,211,68,0.46,88,0,105,45,0.43
Low N,1,2,10,212,49,0.36,89,0,110,40,0.36
Low N,1,2,10,213,7,0.25,88,0,110,45,0.41
Low N,1,2,10,214,65,.,86,0,100,50,0.5
Low N,1,2,10,215,46,1.1,85,0,135,60,0.44
Low N,1,2,10,216,80,0.6,82,0,130,50,0.38
Low N,4,1,1,1,79,1.37,69,4,140,62,0.44
Low N,4,1,1,2,66,0.85,71,3,145,68,0.47
Low N,4,1,1,3,43,1.35,74,4,150,60,0.4
Low N,4,1,1,4,84,1.85,64,8,150,60,0.4
Low N,4,1,1,6,62,1.86,75,3,150,55,0.37
Low N,4,1,1,7,68,1.99,64,5,165,62,0.38
Low N,4,1,1,10,81,1.22,60,4,140,55,0.39
Low N,4,1,1,11,6,2.19,62,5,140,53,0.38
Low N,4,1,1,12,5,2.08,67,7,165,51,0.31
Low N,4,1,2,13,50,1.66,64,7,136,55,0.4
Low N,4,1,2,14,33,1.84,69,3,145,61,0.42
Low N,4,1,2,15,67,2.88,73,3,152,59,0.39
Low N,4,1,2,16,22,0.98,64,5,145,60,0.41
Low N,4,1,2,18,30,3.13,64,5,110,40,0.36
Low N,4,1,2,19,60,2.26,64,5,135,43,0.32
Low N,4,1,2,20,19,1.6,69,3,154,50,0.32
Low N,4,1,2,22,48,0.68,64,3,150,46,0.31
Low N,4,1,2,23,70,2.69,72,3,130,41,0.32
Low N,4,1,3,24,77,0.49,71,3,110,32,0.29
Low N,4,1,3,25,57,1.86,71,2,135,50,0.37
Low N,4,1,3,27,69,1.81,64,3,120,30,0.25
Low N,4,1,3,28,8,0.96,69,3,140,42,0.3
Low N,4,1,3,29,24,1.29,64,5,138,46,0.33
Low N,4,1,3,30,46,1.49,64,5,126,58,0.46
Low N,4,1,3,33,42,1.39,71,5,110,30,0.27
Low N,4,1,3,34,18,1.15,71,5,130,41,0.32
Low N,4,1,3,35,59,1.8,69,7,150,58,0.39
Low N,4,1,4,36,13,2.08,71,5,160,51,0.32
Low N,4,1,4,37,1,1.62,71,5,160,61,0.38
Low N,4,1,4,38,89,1.76,71,5,164,52,0.32
Low N,4,1,4,39,87,1.08,64,5,120,44,0.37
Low N,4,1,4,40,83,1.98,62,5,138,42,0.3
Low N,4,1,4,41,27,1.92,60,4,120,46,0.38
Low N,4,1,4,42,21,1.37,60,4,145,52,0.36
Low N,4,1,4,43,4,1.64,60,4,130,58,0.45
Low N,4,1,4,44,41,1.29,69,3,140,46,0.33
Low N,4,1,5,45,7,1.72,71,3,124,42,0.34
Low N,4,1,5,46,23,1.82,60,4,136,48,0.35
Low N,4,1,5,47,51,3.49,69,5,196,40,0.2
Low N,4,1,5,48,78,1.58,62,5,190,40,0.21
Low N,4,1,5,49,73,2.21,60,4,155,60,0.39
Low N,4,1,5,50,34,0.73,73,4,168,64,0.38
Low N,4,1,5,51,2,1.02,73,5,150,56,0.37
Low N,4,1,5,52,64,2.07,67,4,148,50,0.34
Low N,4,1,5,54,12,3.2,62,5,145,50,0.34
Low N,4,1,6,55,28,3.33,62,5,110,40,0.36
Low N,4,1,6,56,85,2.27,73,5,130,48,0.37
Low N,4,1,6,58,63,2.72,69,2,140,52,0.37
Low N,4,1,6,59,49,2.78,71,0,175,60,0.34
Low N,4,1,6,60,82,1.66,62,5,155,55,0.35
Low N,4,1,6,61,35,2.6,71,3,160,64,0.4
Low N,4,1,6,62,40,2.44,60,4,140,54,0.39
Low N,4,1,6,63,9,2.3,71,3,130,50,0.38
Low N,4,1,6,64,65,2.88,71,3,158,64,0.41
Low N,4,1,7,65,44,2.29,69,2,160,62,0.39
Low N,4,1,7,66,52,2.13,60,4,130,48,0.37
Low N,4,1,7,67,31,1.32,72,0,190,70,0.37
Low N,4,1,7,68,26,2.17,69,3,130,50,0.38
Low N,4,1,7,69,47,2.16,69,2,145,64,0.44
Low N,4,1,7,70,14,0.72,69,2,120,40,0.33
Low N,4,1,7,71,90,1.18,71,3,110,30,0.27
Low N,4,1,7,73,16,1.31,64,5,150,55,0.37
Low N,4,1,7,74,37,0.97,71,3,130,40,0.31
Low N,4,1,8,75,32,0.94,71,5,150,52,0.35
Low N,4,1,8,76,36,0.82,71,5,150,52,0.35
Low N,4,1,8,77,38,1.31,71,5,140,50,0.36
Low N,4,1,8,78,17,0.85,73,3,160,65,0.41
Low N,4,1,8,79,25,2.27,73,3,150,40,0.27
Low N,4,1,8,80,3,1.13,72,4,120,42,0.35
Low N,4,1,8,81,10,0.75,69,5,140,42,0.3
Low N,4,1,8,82,58,1.47,69,5,170,61,0.36
Low N,4,1,8,84,76,3.53,60,4,140,51,0.36
Low N,4,1,9,85,75,1.86,68,4,70,20,0.29
Low N,4,1,9,86,72,1.29,69,3,138,40,0.29
Low N,4,1,9,87,71,1.04,69,3,134,40,0.3
Low N,4,1,9,88,53,2.28,64,5,120,50,0.42
Low N,4,1,9,90,61,1.49,75,3,140,55,0.39
Low N,4,1,9,91,39,1.58,72,-5,100,62,0.62
Low N,4,1,9,92,54,2.62,62,5,130,40,0.31
Low N,4,1,9,93,74,1.57,60,4,150,80,0.53
Low N,4,1,9,94,86,2.54,71,1,120,42,0.35
Low N,4,1,10,95,56,2.95,69,2,180,70,0.39
Low N,4,1,10,99,55,1.27,72,3,158,60,0.38
Low N,4,1,10,100,20,2.45,69,3,159,82,0.52
Low N,4,1,10,101,15,2.05,67,2,146,60,0.41
Low N,4,1,10,102,29,3.18,69,3,145,51,0.35
Low N,4,1,10,104,80,1.03,62,5,160,70,0.44
Low N,4,1,10,105,88,1.35,72,4,120,41,0.34
Low N,4,1,10,107,45,1.84,69,3,80,20,0.25
Low N,4,1,10,108,11,5.55,70,2,150,42,0.28
Low N,4,2,1,109,78,1.27,62,5,152,53,0.35
Low N,4,2,1,110,3,1.05,71,3,138,45,0.33
Low N,4,2,1,111,56,2.33,71,3,136,50,0.37
Low N,4,2,1,112,67,2.22,75,3,145,59,0.41
Low N,4,2,1,113,77,0.93,69,3,130,40,0.31
Low N,4,2,1,114,13,1.93,74,2,130,40,0.31
Low N,4,2,1,115,15,1.11,67,2,142,41,0.29
Low N,4,2,1,117,66,1.62,67,4,146,50,0.34
Low N,4,2,1,118,63,1.19,60,4,133,55,0.41
Low N,4,2,2,119,18,1.6,62,5,150,60,0.4
Low N,4,2,2,120,81,1.67,60,4,145,52,0.36
Low N,4,2,2,121,80,1.6,62,5,150,63,0.42
Low N,4,2,2,123,34,1.85,71,3,150,45,0.3
Low N,4,2,2,124,10,0.69,69,4,130,51,0.39
Low N,4,2,2,125,16,1.42,68,3,120,40,0.33
Low N,4,2,2,126,21,1.37,60,4,125,43,0.34
Low N,4,2,2,127,55,0.98,76,2,145,58,0.4
Low N,4,2,2,128,19,0.74,71,3,130,40,0.31
Low N,4,2,3,129,69,1.12,64,5,125,46,0.37
Low N,4,2,3,130,72,1.12,71,3,140,49,0.35
Low N,4,2,3,131,90,0.65,71,3,120,48,0.4
Low N,4,2,3,132,33,1.69,71,3,116,35,0.3
Low N,4,2,3,133,46,1.57,69,3,160,62,0.39
Low N,4,2,3,135,29,2.26,60,4,135,50,0.37
Low N,4,2,3,136,47,1.77,69,3,135,50,0.37
Low N,4,2,3,137,52,0.67,64,5,110,50,0.45
Low N,4,2,3,138,41,2.02,71,4,115,45,0.39
Low N,4,2,4,139,54,1.38,62,5,110,40,0.36
Low N,4,2,4,140,23,0.98,64,5,116,32,0.28
Low N,4,2,4,142,59,2.34,69,2,160,71,0.44
Low N,4,2,4,143,70,3.13,71,0,160,71,0.44
Low N,4,2,4,144,76,3.07,64,5,155,51,0.33
Low N,4,2,4,146,82,1.98,69,5,110,41,0.37
Low N,4,2,4,148,86,2,71,5,148,56,0.38
Low N,4,2,4,149,83,1.51,62,5,140,43,0.31
Low N,4,2,4,150,14,1.23,60,4,152,58,0.38
Low N,4,2,5,151,42,2.65,62,4,150,60,0.4
Low N,4,2,5,152,51,2.46,60,4,169,60,0.36
Low N,4,2,5,153,73,2.7,60,4,170,69,0.41
Low N,4,2,5,154,53,2.74,64,5,152,60,0.39
Low N,4,2,5,156,6,1.21,64,7,140,50,0.36
Low N,4,2,5,157,27,2.43,60,4,136,59,0.43
Low N,4,2,5,158,38,2.95,62,5,170,83,0.49
Low N,4,2,5,159,88,2.26,64,5,150,59,0.39
Low N,4,2,5,160,24,1.55,62,5,156,58,0.37
Low N,4,2,6,162,30,4.13,60,4,130,45,0.35
Low N,4,2,6,163,32,1.01,71,0,155,60,0.39
Low N,4,2,6,164,71,1.58,72,4,140,62,0.44
Low N,4,2,6,165,64,1.06,75,3,110,30,0.27
Low N,4,2,6,166,31,2.37,73,3,131,42,0.32
Low N,4,2,6,167,43,1.88,76,2,150,70,0.47
Low N,4,2,6,169,60,3.31,64,5,175,60,0.34
Low N,4,2,6,170,4,2.48,62,4,160,89,0.56
Low N,4,2,6,171,40,2.08,60,4,180,80,0.44
Low N,4,2,7,172,12,2.63,60,4,155,68,0.44
Low N,4,2,7,173,5,3.23,69,3,160,79,0.49
Low N,4,2,7,174,62,2.8,69,3,154,72,0.47
Low N,4,2,7,176,1,2.35,72,4,150,64,0.43
Low N,4,2,7,177,17,2.29,71,5,170,69,0.41
Low N,4,2,7,178,11,4.16,69,2,150,68,0.45
Low N,4,2,7,180,61,2.41,73,3,160,66,0.41
Low N,4,2,7,181,25,1.97,69,3,160,51,0.32
Low N,4,2,7,182,84,2.52,60,4,150,51,0.34
Low N,4,2,8,183,7,2.03,76,2,148,49,0.33
Low N,4,2,8,185,74,1.52,60,4,145,60,0.41
Low N,4,2,8,186,85,1.46,75,3,160,59,0.37
Low N,4,2,8,187,22,1.62,62,5,150,59,0.39
Low N,4,2,8,188,28,2.26,69,3,120,42,0.35
Low N,4,2,8,190,35,2.59,69,4,138,45,0.33
Low N,4,2,8,191,44,2.43,69,4,155,60,0.39
Low N,4,2,8,193,50,1.21,69,3,120,23,.
Low N,4,2,8,195,75,1.32,64,6,90,24,0.27
Low N,4,2,9,196,9,3.46,69,3,150,58,0.39
Low N,4,2,9,197,37,1.26,64,5,170,55,0.32
Low N,4,2,9,198,20,2.3,69,3,170,82,0.48
Low N,4,2,9,199,49,2.89,72,4,175,83,0.47
Low N,4,2,9,200,57,1.92,64,5,146,68,0.47
Low N,4,2,9,201,39,2.67,62,5,150,69,0.46
Low N,4,2,9,202,65,1.57,71,5,145,51,0.35
Low N,4,2,9,203,89,1.61,71,3,170,76,0.45
Low N,4,2,9,204,48,0.76,69,3,128,50,0.39
Low N,4,2,10,205,26,1.59,69,2,130,51,0.39
Low N,4,2,10,206,79,1.37,60,4,95,30,0.32
Low N,4,2,10,207,45,1.54,60,4,102,41,0.4
Low N,4,2,10,211,36,1.23,71,5,148,49,0.33
Low N,4,2,10,212,8,1.29,71,5,140,42,0.3
Low N,4,2,10,213,58,1.68,69,3,160,49,0.31
Low N,4,2,10,214,68,1.01,76,0,132,41,0.31
Low N,4,2,10,215,2,0.59,76,2,148,56,0.38
Low N,4,2,10,216,87,1.65,64,5,126,53,0.42
Optimum,6,1,1,1,17,10.46,64,2,240,130,0.54
Optimum,6,1,1,2,51,6.42,52,2,213,95,0.45
Optimum,6,1,1,4,60,7.86,54,2,240,100,0.42
Optimum,6,1,1,5,25,7.11,54,2,228,118,0.52
Optimum,6,1,1,6,88,5.21,53,2,215,100,0.47
Optimum,6,1,1,7,83,7.29,52,2,225,99,0.44
Optimum,6,1,1,10,3,7.62,52,2,200,105,0.53
Optimum,6,1,1,11,78,6.31,52,2,183,92,0.5
Optimum,6,1,1,12,23,7.13,56,2,199,106,0.53
Optimum,6,1,2,13,2,3.37,68,2,210,113,0.54
Optimum,6,1,2,15,76,6.76,56,2,200,99,0.5
Optimum,6,1,2,16,22,3.87,54,2,200,97,0.49
Optimum,6,1,2,17,90,6.65,54,2,210,104,0.5
Optimum,6,1,2,18,33,7.09,54,2,202,100,0.5
Optimum,6,1,2,19,40,9.54,54,2,215,110,0.51
Optimum,6,1,2,21,67,6.54,66,2,230,125,0.54
Optimum,6,1,2,22,14,6.99,54,2,225,120,0.53
Optimum,6,1,2,23,10,5.92,54,2,225,118,0.52
Optimum,6,1,3,24,59,8.04,62,2,255,135,0.53
Optimum,6,1,3,25,7,6.34,68,2,250,133,0.53
Optimum,6,1,3,27,42,6.11,52,2,220,113,0.51
Optimum,6,1,3,28,71,7.15,60,2,230,104,0.45
Optimum,6,1,3,29,47,6.85,54,2,220,131,0.6
Optimum,6,1,3,30,6,7.25,54,2,204,100,0.49
Optimum,6,1,3,31,63,5.01,52,2,195,100,0.51
Optimum,6,1,3,32,9,5.61,64,2,202,109,0.54
Optimum,6,1,3,33,38,4.51,60,2,209,110,0.53
Optimum,6,1,4,34,30,5.48,53,2,200,98,0.49
Optimum,6,1,4,35,50,4.41,52,2,190,105,0.55
Optimum,6,1,4,36,79,5.96,52,2,200,95,0.48
Optimum,6,1,4,37,20,7.28,52,2,215,118,0.55
Optimum,6,1,4,38,15,6.2,52,2,200,110,0.55
Optimum,6,1,4,40,48,6.61,52,2,225,105,0.47
Optimum,6,1,4,42,74,6.45,54,2,200,109,0.55
Optimum,6,1,4,43,53,8.05,52,2,241,118,0.49
Optimum,6,1,4,44,11,9.75,52,2,225,118,0.52
Optimum,6,1,5,45,36,9.68,58,2,231,116,0.5
Optimum,6,1,5,46,8,7.05,58,2,225,119,0.53
Optimum,6,1,5,47,84,7.25,52,2,200,90,0.45
Optimum,6,1,5,48,39,5.08,54,2,200,109,0.55
Optimum,6,1,5,49,70,8.13,64,2,210,120,0.57
Optimum,6,1,5,50,52,7.3,58,2,203,105,0.52
Optimum,6,1,5,51,80,6.94,52,2,220,107,0.49
Optimum,6,1,5,52,46,7.67,52,2,205,115,0.56
Optimum,6,1,5,53,89,7.86,62,2,215,115,0.53
Optimum,6,1,6,54,81,6.75,52,2,172,96,0.56
Optimum,6,1,6,55,21,5.45,52,2,179,100,0.56
Optimum,6,1,6,56,19,3.93,52,2,230,126,0.55
Optimum,6,1,6,57,28,2.77,54,2,193,99,0.51
Optimum,6,1,6,58,61,3.51,62,2,240,140,0.58
Optimum,6,1,6,59,44,5.78,58,2,210,130,0.62
Optimum,6,1,6,60,65,3.79,64,2,252,145,0.58
Optimum,6,1,6,61,49,4.01,56,2,230,118,0.51
Optimum,6,1,6,62,57,3.02,54,2,205,99,0.48
Optimum,6,1,7,63,29,6.99,52,2,220,104,0.47
Optimum,6,1,7,64,68,2.01,56,2,226,133,0.59
Optimum,6,1,7,65,82,2.96,52,2,194,80,0.41
Optimum,6,1,7,67,1,4.28,64,2,210,109,0.52
Optimum,6,1,7,69,41,4.35,58,2,230,118,0.51
Optimum,6,1,7,70,56,6.5,56,2,210,103,0.49
Optimum,6,1,7,71,86,6.33,54,2,220,110,0.5
Optimum,6,1,7,72,4,3.02,52,2,205,115,0.56
Optimum,6,1,7,73,85,4.25,64,2,200,90,0.45
Optimum,6,1,8,74,54,3.4,54,2,213,107,0.5
Optimum,6,1,8,75,43,2.8,58,2,215,124,0.58
Optimum,6,1,8,76,5,2.96,66,2,200,85,0.43
Optimum,6,1,8,78,69,2.8,54,2,183,102,0.56
Optimum,6,1,8,79,66,3.84,52,2,194,98,0.51
Optimum,6,1,8,80,18,2.78,54,2,205,104,0.51
Optimum,6,1,8,81,45,5.58,52,2,190,107,0.56
Optimum,6,1,8,82,62,5.05,58,2,220,122,0.55
Optimum,6,1,8,83,34,5.6,58,2,230,115,0.5
Optimum,6,1,9,85,26,2.98,56,2,190,118,0.62
Optimum,6,1,9,86,27,3.79,52,2,195,100,0.51
Optimum,6,1,9,91,13,5.62,54,2,235,116,0.49
Optimum,6,1,9,92,24,4.76,52,2,227,110,0.48
Optimum,6,1,9,93,32,6.51,54,2,200,100,0.5
Optimum,6,1,9,95,75,1.2,64,2,125,60,0.48
Optimum,6,1,9,96,72,4.17,56,2,205,85,0.41
Optimum,6,1,9,97,58,5.09,54,2,225,119,0.53
Optimum,6,1,9,98,55,6.37,66,2,240,130,0.54
Optimum,6,1,10,99,87,4.6,52,2,200,105,0.53
Optimum,6,1,10,100,73,6.22,52,2,216,106,0.49
Optimum,6,1,10,101,35,5.42,62,2,230,129,0.56
Optimum,6,1,10,102,64,4.97,58,2,217,119,0.55
Optimum,6,1,10,103,77,5,52,2,225,110,0.49
Optimum,6,1,10,104,37,3.9,58,2,215,106,0.49
Optimum,6,1,10,105,12,5.6,60,2,222,104,0.47
Optimum,6,1,10,107,16,5.76,52,2,224,125,0.56
Optimum,6,1,10,108,31,4.1,64,2,225,130,0.58
Optimum,6,2,1,109,9,4.1,64,2,196,100,0.51
Optimum,6,2,1,110,2,5.12,62,2,220,126,0.57
Optimum,6,2,1,111,87,4.41,54,2,200,125,0.63
Optimum,6,2,1,112,21,6.42,52,2,200,109,0.55
Optimum,6,2,1,113,34,6.29,62,2,224,108,0.48
Optimum,6,2,1,114,7,5.19,66,2,230,129,0.56
Optimum,6,2,1,115,39,3.77,56,2,200,104,0.52
Optimum,6,2,1,116,41,5.56,56,2,225,111,0.49
Optimum,6,2,1,117,77,5.2,56,2,220,124,0.56
Optimum,6,2,2,118,65,6.13,62,2,235,143,0.61
Optimum,6,2,2,121,4,4.92,52,2,210,132,0.63
Optimum,6,2,2,122,71,6.97,58,2,209,134,0.64
Optimum,6,2,2,123,52,1.8,52,2,200,104,0.52
Optimum,6,2,2,124,10,6.95,58,2,220,119,0.54
Optimum,6,2,2,126,45,9.06,52,2,190,106,0.56
Optimum,6,2,2,127,6,6.25,54,2,220,112,0.51
Optimum,6,2,2,129,28,5.09,54,2,200,111,0.56
Optimum,6,2,2,130,53,6.39,52,2,245,130,0.53
Optimum,6,2,3,131,8,4.19,54,2,210,104,0.5
Optimum,6,2,3,133,22,4.93,52,2,235,115,0.49
Optimum,6,2,3,134,43,5,60,2,237,136,0.57
Optimum,6,2,3,135,55,3.73,66,2,247,106,0.43
Optimum,6,2,3,136,20,4.92,52,2,240,103,0.43
Optimum,6,2,3,137,81,3.69,52,2,190,83,0.44
Optimum,6,2,3,138,47,5.82,58,2,.,115,.
Optimum,6,2,3,139,51,3.38,52,2,180,100,0.56
Optimum,6,2,3,140,3,5.36,52,2,210,120,0.57
Optimum,6,2,4,141,42,4.47,58,2,210,105,0.5
Optimum,6,2,4,143,49,4.99,66,2,227,124,0.55
Optimum,6,2,4,144,12,6.35,64,2,230,110,0.48
Optimum,6,2,4,145,69,7.84,52,2,200,120,0.6
Optimum,6,2,4,146,13,6.37,62,2,245,131,0.53
Optimum,6,2,4,147,76,6.2,58,2,216,100,0.46
Optimum,6,2,4,148,89,5.33,58,2,213,124,0.58
Optimum,6,2,4,149,29,8.04,58,2,203,100,0.49
Optimum,6,2,4,151,26,4.19,54,2,213,110,0.52
Optimum,6,2,5,152,60,6.4,54,2,235,105,0.45
Optimum,6,2,5,153,31,6.37,66,2,228,110,0.48
Optimum,6,2,5,154,40,5.05,58,2,220,100,0.45
Optimum,6,2,5,155,15,4.74,52,2,200,110,0.55
Optimum,6,2,5,156,58,6.36,52,2,230,103,0.45
Optimum,6,2,5,157,64,6.03,52,2,230,120,0.52
Optimum,6,2,5,158,90,4.39,54,2,220,95,0.43
Optimum,6,2,5,159,50,5.38,54,2,200,110,0.55
Optimum,6,2,5,160,61,3.41,66,2,240,130,0.54
Optimum,6,2,6,162,82,3.66,54,4,200,93,0.47
Optimum,6,2,6,163,66,6.34,58,2,205,108,0.53
Optimum,6,2,6,164,19,5.51,58,2,230,130,0.57
Optimum,6,2,6,167,63,6.39,54,2,200,99,0.5
Optimum,6,2,6,168,14,5.82,54,2,230,128,0.56
Optimum,6,2,6,169,17,6.32,58,2,235,119,0.51
Optimum,6,2,6,170,80,4.96,54,2,220,115,0.52
Optimum,6,2,6,171,86,5.19,54,2,240,110,0.46
Optimum,6,2,6,172,59,5.8,60,2,250,130,0.52
Optimum,6,2,7,173,1,6.06,60,2,220,110,0.5
Optimum,6,2,7,174,33,7.03,54,2,210,105,0.5
Optimum,6,2,7,175,16,6.6,52,2,215,110,0.51
Optimum,6,2,7,177,18,5.21,52,2,202,93,0.46
Optimum,6,2,7,178,70,7.19,52,2,210,110,0.52
Optimum,6,2,7,180,83,6.84,54,2,220,109,0.5
Optimum,6,2,7,181,38,5.56,52,2,218,104,0.48
Optimum,6,2,7,182,27,5.42,52,2,176,95,0.54
Optimum,6,2,7,183,24,5.44,52,2,211,97,0.46
Optimum,6,2,8,184,48,6.74,54,2,190,83,0.44
Optimum,6,2,8,185,85,5.21,54,2,210,110,0.52
Optimum,6,2,8,186,73,6.74,52,2,211,88,0.42
Optimum,6,2,8,189,46,6.41,52,2,205,110,0.54
Optimum,6,2,8,191,30,6.34,52,2,200,95,0.48
Optimum,6,2,8,192,32,6.62,54,2,215,100,0.47
Optimum,6,2,8,193,5,6.95,58,2,205,.,.
Optimum,6,2,8,195,25,3.95,56,2,200,98,0.49
Optimum,6,2,8,196,36,6.49,58,2,210,105,0.5
Optimum,6,2,9,197,57,5.17,52,2,205,90,0.44
Optimum,6,2,9,198,78,5.89,52,2,160,100,0.63
Optimum,6,2,9,199,11,8.4,58,2,224,118,0.53
Optimum,6,2,9,200,44,5.73,52,6,212,112,0.53
Optimum,6,2,9,201,68,2.3,62,2,220,123,0.56
Optimum,6,2,9,202,84,3.44,52,2,176,90,0.51
Optimum,6,2,9,203,67,5.31,60,2,204,125,0.61
Optimum,6,2,9,204,62,5.78,60,2,210,113,0.54
Optimum,6,2,9,205,72,6.39,58,2,234,105,0.45
Optimum,6,2,10,206,35,9.5,66,2,225,115,0.51
Optimum,6,2,10,207,88,4.75,58,2,210,104,0.5
Optimum,6,2,10,208,54,6.7,52,2,200,94,0.47
Optimum,6,2,10,209,79,5.24,52,2,185,80,0.43
Optimum,6,2,10,210,37,4.4,56,2,215,101,0.47
Optimum,6,2,10,212,23,6.53,58,2,200,110,0.55
Optimum,6,2,10,213,75,1.82,54,2,115,54,0.47
Optimum,6,2,10,214,74,5.02,52,2,180,100,0.56
Optimum,6,2,10,215,56,6.03,56,2,218,103,0.47
Optimum,7,1,1,1,76,9.89,69,1,205,100,0.49
Optimum,7,1,1,2,86,12.24,72,0,220,110,0.5
Optimum,7,1,1,3,15,10.62,70,0,205,130,0.63
Optimum,7,1,1,4,38,10.7,70,-1,220,120,0.55
Optimum,7,1,1,5,79,10.51,65,1,195,90,0.46
Optimum,7,1,1,7,27,8.06,67,1,180,105,0.58
Optimum,7,1,1,8,65,11.95,73,-1,250,130,0.52
Optimum,7,1,1,9,1,12.59,72,0,235,140,0.6
Optimum,7,1,1,10,30,12.67,67,-1,220,120,0.55
Optimum,7,1,2,11,67,14.1,70,1,240,145,0.6
Optimum,7,1,2,12,20,12.2,69,1,220,120,0.55
Optimum,7,1,2,13,57,11.29,70,0,225,125,0.56
Optimum,7,1,2,14,12,14.49,71,1,240,130,0.54
Optimum,7,1,2,15,46,14.48,69,0,240,120,0.5
Optimum,7,1,2,16,63,8.9,70,0,180,100,0.56
Optimum,7,1,2,17,78,10.88,67,1,185,95,0.51
Optimum,7,1,2,18,3,7.56,72,1,200,115,0.58
Optimum,7,1,2,20,44,14.97,70,1,230,130,0.57
Optimum,7,1,3,21,14,12.33,67,-1,220,130,0.59
Optimum,7,1,3,22,75,2,70,1,140,60,0.43
Optimum,7,1,3,23,53,13.98,68,-1,240,120,0.5
Optimum,7,1,3,24,85,12.35,74,-2,230,120,0.52
Optimum,7,1,3,25,24,10.14,67,0,215,90,0.42
Optimum,7,1,3,26,81,8.01,68,1,180,80,0.44
Optimum,7,1,3,27,61,13.55,72,1,235,125,0.53
Optimum,7,1,3,28,8,10.76,72,-1,215,100,0.47
Optimum,7,1,3,29,66,12.56,71,1,210,100,0.48
Optimum,7,1,4,30,5,10.24,71,2,220,120,0.55
Optimum,7,1,4,31,25,13.31,71,0,230,110,0.48
Optimum,7,1,4,32,83,11.49,64,1,210,100,0.48
Optimum,7,1,4,33,39,7.78,70,1,190,90,0.47
Optimum,7,1,4,34,26,10.85,69,-1,205,100,0.49
Optimum,7,1,4,35,6,12.73,70,-1,225,120,0.53
Optimum,7,1,4,36,51,10.78,68,1,220,105,0.48
Optimum,7,1,4,37,35,15.12,71,1,240,120,0.5
Optimum,7,1,4,38,74,10.43,65,1,205,95,0.46
Optimum,7,1,5,39,64,11.34,67,1,220,100,0.45
Optimum,7,1,5,40,9,9.27,72,0,210,100,0.48
Optimum,7,1,5,44,37,9.04,72,1,220,110,0.5
Optimum,7,1,5,45,77,10.89,69,0,190,110,0.58
Optimum,7,1,5,46,48,12.65,66,0,220,110,0.5
Optimum,7,1,5,47,84,12.2,65,1,190,80,0.42
Optimum,7,1,5,48,88,8.66,68,1,220,120,0.55
Optimum,7,1,5,50,18,11.64,67,-1,215,90,0.42
Optimum,7,1,5,51,33,10.47,69,0,195,100,0.51
Optimum,7,1,6,52,47,13.97,69,0,220,110,0.5
Optimum,7,1,6,53,43,12.72,72,1,220,120,0.55
Optimum,7,1,6,54,49,11.63,72,0,220,130,0.59
Optimum,7,1,6,55,73,10.57,66,0,200,90,0.45
Optimum,7,1,6,57,60,12.58,68,1,240,110,0.46
Optimum,7,1,6,58,80,14.77,69,2,240,120,0.5
Optimum,7,1,6,60,31,13.82,73,-1,220,130,0.59
Optimum,7,1,6,61,50,8.22,67,-1,230,105,0.46
Optimum,7,1,6,62,28,10.9,69,0,195,90,0.46
Optimum,7,1,7,63,52,9.6,68,1,210,110,0.52
Optimum,7,1,7,64,54,11.56,67,-1,220,90,0.41
Optimum,7,1,7,65,68,2.98,82,0,220,135,0.61
Optimum,7,1,7,66,70,12.62,72,1,220,120,0.55
Optimum,7,1,7,67,2,9.68,76,-1,220,120,0.55
Optimum,7,1,7,69,13,13.79,73,2,260,135,0.52
Optimum,7,1,7,70,58,10.72,68,-1,215,120,0.56
Optimum,7,1,7,71,62,14.47,71,1,230,130,0.57
Optimum,7,1,7,75,36,7.15,72,1,245,140,0.57
Optimum,7,1,8,76,87,11.5,71,1,165,95,0.58
Optimum,7,1,8,77,40,11.18,67,-1,210,115,0.55
Optimum,7,1,8,78,19,12.56,70,-1,210,120,0.57
Optimum,7,1,8,79,11,15.05,70,2,200,110,0.55
Optimum,7,1,8,80,82,9.49,66,0,195,90,0.46
Optimum,7,1,8,81,72,13.01,71,-1,230,110,0.48
Optimum,7,1,8,82,59,14.31,68,0,240,130,0.54
Optimum,7,1,8,84,41,12.3,67,0,220,120,0.55
Optimum,7,1,8,86,23,14.87,68,1,225,120,0.53
Optimum,7,1,9,87,29,13.42,69,0,220,120,0.55
Optimum,7,1,9,89,34,15.15,69,0,230,120,0.52
Optimum,7,1,9,90,55,13.07,73,0,250,120,0.48
Optimum,7,1,9,91,7,10.36,72,1,260,130,0.5
Optimum,7,1,9,92,42,11.34,67,-1,220,105,0.48
Optimum,7,1,9,93,21,9.3,68,-1,195,100,0.51
Optimum,7,1,9,94,89,13.86,71,1,210,120,0.57
Optimum,7,1,9,95,90,11.26,70,1,230,100,0.43
Optimum,7,1,9,96,69,10.68,69,1,200,100,0.5
Optimum,7,1,10,97,56,15.02,70,1,220,120,0.55
Optimum,7,1,10,98,71,12.08,72,1,220,130,0.59
Optimum,7,1,10,100,16,11.66,68,-1,210,100,0.48
Optimum,7,1,10,101,10,13.6,69,0,210,110,0.52
Optimum,7,1,10,102,22,12.45,68,-1,225,110,0.49
Optimum,7,1,10,103,4,11.16,69,0,190,110,0.58
Optimum,7,1,10,104,17,10.83,75,1,210,110,0.52
Optimum,7,1,10,105,45,11.15,70,-1,200,110,0.55
Optimum,7,1,10,106,32,13.06,73,0,220,100,0.45
Optimum,7,2,1,109,13,15.75,73,-1,230,120,0.52
Optimum,7,2,1,110,69,7.65,71,0,270,95,0.35
Optimum,7,2,1,111,1,11.52,74,0,220,120,0.55
Optimum,7,2,1,113,72,12.64,71,1,230,100,0.43
Optimum,7,2,1,114,39,7.11,71,1,180,90,0.5
Optimum,7,2,1,115,2,11.93,75,0,210,110,0.52
Optimum,7,2,1,117,63,9.07,70,2,200,110,0.55
Optimum,7,2,1,120,73,12.96,67,-1,210,100,0.48
Optimum,7,2,1,121,86,13.07,71,1,210,120,0.57
Optimum,7,2,2,122,17,13.59,71,1,230,120,0.52
Optimum,7,2,2,123,68,4.97,72,1,230,150,0.65
Optimum,7,2,2,124,77,13.19,70,1,240,130,0.54
Optimum,7,2,2,125,14,10.98,68,-1,220,140,0.64
Optimum,7,2,2,127,31,15.94,73,-1,250,130,0.52
Optimum,7,2,2,128,42,10.78,66,-2,230,110,0.48
Optimum,7,2,2,129,19,12.91,69,0,220,130,0.59
Optimum,7,2,2,130,71,12.95,70,-1,230,135,0.59
Optimum,7,2,2,131,66,14.8,72,1,240,130,0.54
Optimum,7,2,3,132,87,7.85,71,1,195,100,0.51
Optimum,7,2,3,133,82,10.65,66,0,190,90,0.47
Optimum,7,2,3,134,38,11.27,72,-1,220,120,0.55
Optimum,7,2,3,135,45,10.16,69,-1,200,110,0.55
Optimum,7,2,3,136,74,11.19,67,-1,215,110,0.51
Optimum,7,2,3,137,61,15.29,73,1,260,150,0.58
Optimum,7,2,3,138,75,1.63,69,2,130,60,0.46
Optimum,7,2,3,142,5,13.14,71,1,220,110,0.5
Optimum,7,2,3,145,30,12.9,67,-2,215,100,0.47
Optimum,7,2,4,146,80,10.34,69,1,185,100,0.54
Optimum,7,2,4,147,78,6.92,69,0,180,110,0.61
Optimum,7,2,4,148,62,14.96,71,1,220,130,0.59
Optimum,7,2,4,149,29,11.24,69,1,230,110,0.48
Optimum,7,2,4,150,16,11.82,67,-1,240,130,0.54
Optimum,7,2,4,151,20,10.45,69,0,220,110,0.5
Optimum,7,2,4,152,12,10.92,71,1,270,130,0.48
Optimum,7,2,4,154,8,12.37,71,1,230,120,0.52
Optimum,7,2,4,155,9,9.72,72,1,230,110,0.48
Optimum,7,2,5,156,47,11.66,70,1,240,140,0.58
Optimum,7,2,5,157,24,11.84,64,-1,220,160,0.73
Optimum,7,2,5,158,15,8.51,70,0,190,90,0.47
Optimum,7,2,5,160,11,14.13,71,0,220,120,0.55
Optimum,7,2,5,162,4,9.66,68,0,180,110,0.61
Optimum,7,2,5,163,44,9.63,70,2,195,110,0.56
Optimum,7,2,5,164,49,9.44,73,0,230,140,0.61
Optimum,7,2,5,165,34,12.2,70,1,210,110,0.52
Optimum,7,2,5,166,46,11.24,66,1,220,130,0.59
Optimum,7,2,6,167,10,11.66,72,0,220,120,0.55
Optimum,7,2,6,168,84,8.72,64,-1,180,80,0.44
Optimum,7,2,6,169,55,10.84,73,0,220,120,0.55
Optimum,7,2,6,170,36,10.99,74,-1,220,110,0.5
Optimum,7,2,6,171,40,8.56,67,-1,225,110,0.49
Optimum,7,2,6,172,76,10.85,67,-1,205,110,0.54
Optimum,7,2,6,173,83,9.71,66,1,200,90,0.45
Optimum,7,2,6,175,28,9.19,68,2,200,85,0.43
Optimum,7,2,6,176,64,12.05,69,2,200,100,0.5
Optimum,7,2,7,177,53,11.72,69,1,220,120,0.55
Optimum,7,2,7,178,22,9.41,68,0,195,110,0.56
Optimum,7,2,7,179,89,12.46,72,1,220,100,0.45
Optimum,7,2,7,180,18,10.06,66,-1,200,80,0.4
Optimum,7,2,7,181,81,10.13,66,-1,185,80,0.43
Optimum,7,2,7,182,26,10.14,68,-1,190,95,0.5
Optimum,7,2,7,183,27,9.67,68,-1,175,85,0.49
Optimum,7,2,7,184,90,10.8,72,0,200,95,0.48
Optimum,7,2,7,185,52,9.97,69,-1,200,110,0.55
Optimum,7,2,8,186,35,14.3,70,2,210,120,0.57
Optimum,7,2,8,187,57,10.23,69,0,170,110,0.65
Optimum,7,2,8,188,33,10.49,70,-1,195,95,0.49
Optimum,7,2,8,189,60,12.92,68,1,230,100,0.43
Optimum,7,2,8,190,50,11.03,68,0,210,120,0.57
Optimum,7,2,8,192,41,10.2,68,1,220,110,0.5
Optimum,7,2,8,193,58,14.74,68,0,220,120,0.55
Optimum,7,2,8,194,65,11.12,70,1,260,130,0.5
Optimum,7,2,8,195,21,8.71,66,0,200,110,0.55
Optimum,7,2,9,196,23,13.77,68,1,225,120,0.53
Optimum,7,2,9,197,79,10,66,1,210,100,0.48
Optimum,7,2,9,198,48,14.97,68,-1,240,110,0.46
Optimum,7,2,9,199,32,9.87,69,1,220,110,0.5
Optimum,7,2,9,200,51,9.72,66,-1,200,100,0.5
Optimum,7,2,9,201,85,12.58,73,0,230,110,0.48
Optimum,7,2,9,202,25,12.59,72,1,240,130,0.54
Optimum,7,2,9,204,43,13.69,72,0,245,130,0.53
Optimum,7,2,9,205,59,11.42,72,1,250,120,0.48
Optimum,7,2,10,206,56,12.31,71,0,240,120,0.5
Optimum,7,2,10,207,67,12.49,73,1,230,130,0.57
Optimum,7,2,10,208,37,8.71,72,2,220,110,0.5
Optimum,7,2,10,209,6,12.29,71,1,215,120,0.56
Optimum,7,2,10,210,88,12,69,0,215,110,0.51
Optimum,7,2,10,211,3,7.82,72,0,210,125,0.6
Optimum,7,2,10,212,54,8.73,69,1,190,75,0.39
Optimum,7,2,10,214,70,12.31,71,0,240,115,0.48
Optimum,7,2,10,216,7,12.42,74,0,240,130,0.54
Optimum,8,1,1,1,55,9.91,76,0,254,152,0.6
Optimum,8,1,1,3,54,13.96,66,1,242,118,0.49
Optimum,8,1,1,4,50,5.91,69,1,184,76,0.41
Optimum,8,1,1,6,58,5.42,71,-3,239,125,0.52
Optimum,8,1,1,8,56,11.82,71,-1,256,138,0.54
Optimum,8,1,1,9,24,10.26,54,2,244,126,0.52
Optimum,8,1,1,10,14,10.79,69,1,236,164,0.69
Optimum,8,1,1,11,22,9.55,64,3,226,154,0.68
Optimum,8,1,1,12,32,12.17,73,-1,244,118,0.48
Optimum,8,1,2,13,7,10.36,76,-1,282,166,0.59
Optimum,8,1,2,14,70,10.89,76,0,278,168,0.6
Optimum,8,1,2,17,78,9.34,67,-1,198,111,0.56
Optimum,8,1,2,18,27,7.77,66,2,206,116,0.56
Optimum,8,1,2,19,43,13.3,73,-1,244,156,0.64
Optimum,8,1,2,20,31,11.94,74,-1,272,138,0.51
Optimum,8,1,2,21,74,8.54,66,1,222,128,0.58
Optimum,8,1,2,22,45,9.06,56,3,222,132,0.59
Optimum,8,1,2,23,20,9.72,71,-1,254,124,0.49
Optimum,8,1,3,24,46,12.82,71,-2,244,154,0.63
Optimum,8,1,3,25,39,7.49,70,1,204,108,0.53
Optimum,8,1,3,26,11,11.24,74,1,236,134,0.57
Optimum,8,1,3,27,64,11.36,70,1,254,126,0.5
Optimum,8,1,3,29,5,8.9,71,1,244,128,0.52
Optimum,8,1,3,30,44,12.3,70,1,242,134,0.55
Optimum,8,1,3,31,67,11.59,74,2,274,162,0.59
Optimum,8,1,3,32,80,9.33,70,1,236,144,0.61
Optimum,8,1,3,33,52,9.09,68,1,211,124,0.59
Optimum,8,1,4,34,19,13.4,70,1,262,142,0.54
Optimum,8,1,4,35,17,11.46,72,-1,262,148,0.56
Optimum,8,1,4,36,23,9.74,68,1,238,124,0.52
Optimum,8,1,4,37,41,8.28,70,-1,254,136,0.54
Optimum,8,1,4,38,30,9.96,65,1,254,124,0.49
Optimum,8,1,4,39,16,11.82,66,-1,254,128,0.5
Optimum,8,1,4,40,15,8.4,72,-2,248,154,0.62
Optimum,8,1,4,41,36,12.5,73,-1,230,134,0.58
Optimum,8,1,4,42,84,7.26,67,-1,218,119,0.55
Optimum,8,1,5,43,3,6.97,73,-1,234,154,0.66
Optimum,8,1,5,44,37,7.07,74,-1,236,134,0.57
Optimum,8,1,5,45,57,8.85,74,0,234,126,0.54
Optimum,8,1,5,46,12,10.27,73,-1,236,124,0.53
Optimum,8,1,5,47,29,9.7,70,1,226,124,0.55
Optimum,8,1,5,49,51,6.03,72,0,211,106,0.5
Optimum,8,1,5,50,87,7.59,76,-1,211,118,0.56
Optimum,8,1,5,51,90,7.51,77,-1,236,114,0.48
Optimum,8,1,5,53,28,6.3,75,1,211,111,0.53
Optimum,8,1,6,54,25,11.62,73,-1,244,143,0.59
Optimum,8,1,6,55,88,8.95,73,-1,255,124,0.49
Optimum,8,1,6,56,59,8.53,75,-1,256,142,0.55
Optimum,8,1,6,57,13,10.85,77,-1,276,172,0.62
Optimum,8,1,6,58,71,10.8,73,-1,252,152,0.6
Optimum,8,1,6,59,42,6.02,70,-3,242,106,0.44
Optimum,8,1,6,60,85,6.82,83,-1,264,146,0.55
Optimum,8,1,6,61,34,10.23,78,-1,254,122,0.48
Optimum,8,1,6,62,1,9.17,78,-1,256,164,0.64
Optimum,8,1,7,63,60,7.72,68,-1,252,128,0.51
Optimum,8,1,7,66,35,9.43,75,-1,242,132,0.55
Optimum,8,1,7,67,68,10.78,77,-1,252,134,0.53
Optimum,8,1,7,68,49,9.01,78,0,252,146,0.58
Optimum,8,1,7,69,62,9.85,79,-1,236,132,0.56
Optimum,8,1,7,70,63,7.28,74,-1,211,116,0.55
Optimum,8,1,7,71,38,7.35,76,0,222,128,0.58
Optimum,8,1,7,73,40,10.57,69,1,222,116,0.52
Optimum,8,1,7,74,82,7.08,66,1,198,96,0.48
Optimum,8,1,8,75,53,10.36,71,1,226,128,0.57
Optimum,8,1,8,77,47,8.17,72,1,236,142,0.6
Optimum,8,1,8,78,83,7.99,70,1,198,111,0.56
Optimum,8,1,8,79,2,8.81,76,-1,236,156,0.66
Optimum,8,1,8,80,4,8.96,72,-2,226,146,0.65
Optimum,8,1,8,82,18,7.72,60,3,242,122,0.5
Optimum,8,1,8,83,77,11.95,72,-2,236,136,0.58
Optimum,8,1,8,85,48,9.46,71,1,267,146,0.55
Optimum,8,1,8,87,79,7.6,67,-1,204,116,0.57
Optimum,8,1,9,88,61,11.46,77,-1,252,154,0.61
Optimum,8,1,9,89,21,9.09,69,1,218,116,0.53
Optimum,8,1,9,91,75,1.98,72,-1,196,82,0.42
Optimum,8,1,9,92,9,7.63,76,0,216,118,0.55
Optimum,8,1,9,93,76,10.33,70,1,211,111,0.53
Optimum,8,1,9,94,8,8.66,76,-2,246,136,0.55
Optimum,8,1,9,95,73,12.27,68,-1,209,102,0.49
Optimum,8,1,9,96,89,10.25,78,-1,232,136,0.59
Optimum,8,1,9,97,26,9.18,76,0,224,106,0.47
Optimum,8,1,10,98,81,7.73,71,-1,184,94,0.51
Optimum,8,1,10,100,69,7.06,77,0,194,124,0.64
Optimum,8,1,10,102,86,10.8,74,-2,242,134,0.55
Optimum,8,1,10,103,65,9.59,77,-1,246,143,0.58
Optimum,8,1,10,104,72,11.58,73,-1,252,126,0.5
Optimum,8,1,10,105,6,10.81,73,-1,246,142,0.58
Optimum,8,1,10,106,10,10.07,74,-1,248,146,0.59
Optimum,8,1,10,107,66,11.04,72,-2,246,152,0.62
Optimum,8,1,10,108,33,7.39,76,-3,226,146,0.65
Optimum,8,2,1,109,34,13.08,74,-1,256,136,0.53
Optimum,8,2,1,110,9,8.98,78,0,242,134,0.55
Optimum,8,2,1,111,55,8,77,-1,252,146,0.58
Optimum,8,2,1,112,45,6.96,70,-2,226,134,0.59
Optimum,8,2,1,113,6,11.35,73,-1,232,118,0.51
Optimum,8,2,1,114,52,11.41,71,1,222,126,0.57
Optimum,8,2,1,115,71,10.76,76,0,211,122,0.58
Optimum,8,2,1,116,40,9.59,71,1,218,126,0.58
Optimum,8,2,1,117,73,8.67,68,-1,215,98,0.46
Optimum,8,2,2,118,3,9.37,77,0,216,132,0.61
Optimum,8,2,2,119,47,12.8,77,-1,236,126,0.53
Optimum,8,2,2,120,37,9.09,74,-1,211,122,0.58
Optimum,8,2,2,121,74,11.66,67,1,222,118,0.53
Optimum,8,2,2,122,78,8.56,72,-1,186,104,0.56
Optimum,8,2,2,123,58,11.78,76,0,226,132,0.58
Optimum,8,2,2,124,21,7.65,71,-1,202,111,0.55
Optimum,8,2,2,125,88,10.18,74,-1,226,111,0.49
Optimum,8,2,2,126,33,9.38,73,-1,206,122,0.59
Optimum,8,2,3,127,22,9.68,70,-2,246,124,0.5
Optimum,8,2,3,128,15,8.79,67,1,224,111,0.5
Optimum,8,2,3,130,67,9.5,76,-1,246,144,0.59
Optimum,8,2,3,132,68,7.41,76,-2,236,144,0.61
Optimum,8,2,3,133,23,11.51,72,-1,224,126,0.56
Optimum,8,2,3,134,16,10.24,69,-1,246,132,0.54
Optimum,8,2,3,135,5,10.89,76,-2,252,146,0.58
Optimum,8,2,3,136,82,7.23,68,-1,192,102,0.53
Optimum,8,2,3,137,31,12.85,73,-1,256,146,0.57
Optimum,8,2,4,138,79,6.94,68,1,202,111,0.55
Optimum,8,2,4,139,2,9.07,74,2,246,142,0.58
Optimum,8,2,4,140,42,8.78,71,-5,216,102,0.47
Optimum,8,2,4,141,24,6.95,71,-1,204,106,0.52
Optimum,8,2,4,143,7,8.52,77,-3,246,136,0.55
Optimum,8,2,4,144,26,8.73,79,-3,211,109,0.52
Optimum,8,2,4,148,41,7,73,-1,208,107,0.51
Optimum,8,2,4,150,39,6.73,72,1,192,106,0.55
Optimum,8,2,4,152,32,9.56,73,-1,256,134,0.52
Optimum,8,2,5,153,53,10.17,66,-2,242,136,0.56
Optimum,8,2,5,154,87,7.61,73,2,206,122,0.59
Optimum,8,2,5,156,13,13.59,74,1,242,156,0.64
Optimum,8,2,5,157,61,10.17,76,0,254,146,0.57
Optimum,8,2,5,159,28,8.88,70,1,242,144,0.6
Optimum,8,2,5,160,29,10.67,71,-1,232,128,0.55
Optimum,8,2,5,162,20,9.52,71,-1,222,126,0.57
Optimum,8,2,5,163,17,7.27,78,-2,238,134,0.56
Optimum,8,2,5,164,14,7.46,72,-1,222,111,0.5
Optimum,8,2,6,165,35,6.4,76,-1,226,113,0.5
Optimum,8,2,6,166,77,11.62,74,-2,210,116,0.55
Optimum,8,2,6,168,72,13.1,72,0,236,106,0.45
Optimum,8,2,6,169,80,7.47,74,-1,226,122,0.54
Optimum,8,2,6,170,70,12.74,76,0,246,116,0.47
Optimum,8,2,6,171,89,10.64,76,-2,233,122,0.52
Optimum,8,2,6,172,66,7.26,74,-2,206,98,0.48
Optimum,8,2,6,174,36,10.29,76,-2,232,102,0.44
Optimum,8,2,6,175,62,7.33,76,0,234,126,0.54
Optimum,8,2,7,176,69,9.08,72,-1,206,126,0.61
Optimum,8,2,7,177,30,12.02,71,-1,206,122,0.59
Optimum,8,2,7,178,90,11.19,74,-2,226,122,0.54
Optimum,8,2,7,179,18,10.25,64,2,232,102,0.44
Optimum,8,2,7,180,54,9.4,71,-2,226,122,0.54
Optimum,8,2,7,181,63,9.8,72,1,207,116,0.56
Optimum,8,2,7,182,57,11.28,72,1,226,128,0.57
Optimum,8,2,7,183,25,11.58,74,-2,236,142,0.6
Optimum,8,2,7,184,59,5.04,74,1,246,136,0.55
Optimum,8,2,8,185,76,7.5,68,1,211,116,0.55
Optimum,8,2,8,186,1,7.5,80,-1,241,136,0.56
Optimum,8,2,8,187,65,8.83,76,-1,256,124,0.48
Optimum,8,2,8,188,19,6.2,76,-2,233,122,0.52
Optimum,8,2,8,189,46,9.81,71,1,242,126,0.52
Optimum,8,2,8,190,4,7.3,69,2,206,108,0.52
Optimum,8,2,8,191,43,10.88,76,-2,236,146,0.62
Optimum,8,2,8,192,56,11.79,75,-2,226,122,0.54
Optimum,8,2,8,193,44,10.89,71,1,236,142,0.6
Optimum,8,2,9,194,49,10.46,72,-2,246,156,0.63
Optimum,8,2,9,195,48,10.06,60,-1,236,111,0.47
Optimum,8,2,9,196,38,9.2,73,-2,232,132,0.57
Optimum,8,2,9,197,84,6.77,63,1,198,106,0.54
Optimum,8,2,9,198,64,12.61,71,1,232,126,0.54
Optimum,8,2,9,199,51,5.91,66,1,202,106,0.52
Optimum,8,2,9,200,27,7.84,63,1,208,126,0.61
Optimum,8,2,9,203,10,13.6,72,-2,226,143,0.63
Optimum,8,2,9,204,83,9.58,64,-1,222,123,0.55
Optimum,8,2,10,205,12,10.96,73,-1,272,142,0.52
Optimum,8,2,10,207,81,7.76,64,1,202,96,0.48
Optimum,8,2,10,209,50,9.45,66,-2,232,116,0.5
Optimum,8,2,10,210,60,12.09,63,2,252,122,0.48
Optimum,8,2,10,211,85,9.99,76,0,256,136,0.53
Optimum,8,2,10,212,8,11.48,73,-3,256,132,0.52
Optimum,8,2,10,213,75,2.35,72,2,152,72,0.47
Optimum,8,2,10,214,11,13.31,76,-2,252,126,0.5
Optimum,8,2,10,216,86,11.21,73,-1,262,142,0.54
Drought,9,1,1,1,32,7.89,96,-1,230,120,0.52
Drought,9,1,1,2,87,9.25,93,0,240,100,0.42
Drought,9,1,1,3,4,5.8,93,0,210,95,0.45
Drought,9,1,1,4,73,8.52,95,-3,255,145,0.57
Drought,9,1,1,5,61,7.49,93,2,240,110,0.46
Drought,9,1,1,6,83,8.52,95,-3,240,110,0.46
Drought,9,1,1,7,50,7.91,92,0,245,130,0.53
Drought,9,1,1,8,40,7.37,92,0,240,100,0.42
Drought,9,1,1,9,31,6.28,104,1,240,140,0.58
Drought,9,1,2,10,22,6.97,92,0,230,110,0.48
Drought,9,1,2,11,48,8.31,101,0,250,130,0.52
Drought,9,1,2,12,57,.,98,-10,210,100,0.48
Drought,9,1,2,13,33,6.84,88,0,220,100,0.45
Drought,9,1,2,14,82,9.1,98,-2,260,120,0.46
Drought,9,1,2,15,24,7.05,95,-3,210,100,0.48
Drought,9,1,2,16,30,.,94,0,240,110,0.46
Drought,9,1,2,17,20,7.95,100,2,210,110,0.52
Drought,9,1,2,18,77,6.02,98,-2,255,125,0.49
Drought,9,1,3,20,21,7.24,88,0,190,80,0.42
Drought,9,1,3,21,34,7.26,96,1,240,110,0.46
Drought,9,1,3,22,2,6.89,96,0,240,85,0.35
Drought,9,1,3,23,60,8.23,95,-2,240,100,0.42
Drought,9,1,3,24,10,7.18,92,0,230,120,0.52
Drought,9,1,3,25,59,6.02,96,0,240,85,0.35
Drought,9,1,3,26,35,7.04,94,0,240,110,0.46
Drought,9,1,3,29,71,.,91,-3,230,120,0.52
Drought,9,1,3,30,69,8.15,94,2,240,135,0.56
Drought,9,1,4,31,74,9.02,99,2,250,125,0.5
Drought,9,1,4,33,79,.,94,2,210,85,0.4
Drought,9,1,4,35,41,6.34,93,-1,200,105,0.53
Drought,9,1,4,36,62,7.6,96,-2,240,110,0.46
Drought,9,1,4,37,36,7.64,88,0,230,115,0.5
Drought,9,1,4,38,75,.,99,3,240,120,0.5
Drought,9,1,4,40,44,4.36,97,0,220,110,0.5
Drought,9,1,4,41,16,8.73,92,0,230,105,0.46
Drought,9,1,4,43,6,.,94,0,250,145,0.58
Drought,9,1,5,44,55,.,99,0,240,120,0.5
Drought,9,1,5,45,28,6.45,93,-1,210,120,0.57
Drought,9,1,5,46,90,6.94,89,1,230,95,0.41
Drought,9,1,5,47,1,8.51,.,0,230,90,0.39
Drought,9,1,5,48,29,9.48,94,1,255,110,0.43
Drought,9,1,5,51,65,6.88,92,-3,220,90,0.41
Drought,9,1,5,52,72,8.72,93,0,250,125,0.5
Drought,9,1,5,53,53,6.62,89,-2,230,100,0.43
Drought,9,1,5,54,27,7.99,94,0,215,105,0.49
Drought,9,1,6,55,89,7.55,94,-1,240,140,0.58
Drought,9,1,6,56,78,8.71,90,0,240,110,0.46
Drought,9,1,6,57,18,8.25,102,2,215,120,0.56
Drought,9,1,6,58,86,6.69,89,-3,220,100,0.45
Drought,9,1,6,59,63,6.62,93,-1,225,90,0.4
Drought,9,1,6,60,68,9.03,97,1,230,120,0.52
Drought,9,1,6,61,66,6.41,92,0,180,85,0.47
Drought,9,1,6,63,43,.,93,-1,220,120,0.55
Drought,9,1,6,64,8,7.02,95,-1,210,85,0.4
Drought,9,1,7,65,49,.,98,0,220,110,0.5
Drought,9,1,7,66,15,7.52,92,0,220,100,0.45
Drought,9,1,7,67,58,8.36,95,0,250,130,0.52
Drought,9,1,7,68,39,8.01,92,0,210,95,0.45
Drought,9,1,7,69,56,7.74,92,3,240,140,0.58
Drought,9,1,7,70,19,7.69,92,0,240,110,0.46
Drought,9,1,7,71,51,.,105,2,260,130,0.5
Drought,9,1,7,72,17,8.19,90,0,240,110,0.46
Drought,9,1,7,73,67,3.41,97,0,240,140,0.58
Drought,9,1,8,74,76,6.3,96,0,235,125,0.53
Drought,9,1,8,76,14,5.14,92,0,185,90,0.49
Drought,9,1,8,77,23,7.71,98,0,220,90,0.41
Drought,9,1,8,78,25,3.99,97,0,180,80,0.44
Drought,9,1,8,79,7,6.15,90,0,220,110,0.5
Drought,9,1,8,81,80,6.88,87,-2,210,80,0.38
Drought,9,1,8,83,85,6.15,97,0,200,100,0.5
Drought,9,1,8,85,81,5.57,90,-2,230,95,0.41
Drought,9,1,8,86,88,5.58,98,-1,220,105,0.48
Drought,9,1,9,89,52,5.83,102,-1,195,100,0.51
Drought,9,1,9,90,84,5.89,92,0,240,120,0.5
Drought,9,1,9,91,38,3.52,87,-2,160,70,0.44
Drought,9,1,9,92,42,6.27,97,0,245,120,0.49
Drought,9,1,9,93,64,5.39,98,0,240,140,0.58
Drought,9,1,9,94,46,6.04,97,0,210,100,0.48
Drought,9,1,9,95,26,5.76,97,0,230,120,0.52
Drought,9,1,9,96,47,5.1,100,0,210,105,0.5
Drought,9,1,9,97,13,3.92,97,1,210,90,0.43
Drought,9,1,10,98,3,4.6,95,3,210,100,0.48
Drought,9,1,10,99,5,4.56,90,-1,200,105,0.53
Drought,9,1,10,101,11,4.31,94,0,240,105,0.44
Drought,9,1,10,102,70,7.17,99,2,230,120,0.52
Drought,9,1,10,103,54,7.6,89,-1,200,100,0.5
Drought,9,1,10,104,45,6.7,91,-3,220,80,0.36
Drought,9,1,10,105,37,5.77,101,0,230,120,0.52
Drought,9,1,10,107,9,5.5,97,-1,240,110,0.46
Drought,9,1,10,108,12,2.99,95,0,200,80,0.4
Drought,9,2,1,110,75,4.49,88,1,200,85,0.43
Drought,9,2,1,111,25,5.61,92,-1,210,110,0.52
Drought,9,2,1,114,52,4.81,89,0,190,90,0.47
Drought,9,2,1,115,27,4.02,95,0,200,80,0.4
Drought,9,2,1,116,5,5.5,90,4,220,120,0.55
Drought,9,2,1,117,65,7.47,93,2,200,100,0.5
Drought,9,2,1,118,82,5.29,96,1,210,110,0.52
Drought,9,2,1,119,74,4.53,88,-2,220,95,0.43
Drought,9,2,1,120,48,5.52,101,0,240,130,0.54
Drought,9,2,2,121,4,5.61,97,1,200,100,0.5
Drought,9,2,2,122,39,5.94,92,0,190,95,0.5
Drought,9,2,2,123,47,5.25,92,0,190,80,0.42
Drought,9,2,2,124,72,7.21,92,0,205,90,0.44
Drought,9,2,2,125,79,8.8,92,-3,210,90,0.43
Drought,9,2,2,126,69,3.99,86,0,160,70,0.44
Drought,9,2,2,127,29,8.01,97,1,220,110,0.5
Drought,9,2,2,128,50,4.14,103,4,240,140,0.58
Drought,9,2,2,129,10,4.21,96,0,220,105,0.48
Drought,9,2,3,130,7,3.95,93,1,200,70,0.35
Drought,9,2,3,131,44,6.11,88,1,180,70,0.39
Drought,9,2,3,132,54,6.71,97,-1,230,130,0.57
Drought,9,2,3,134,84,5.32,92,0,225,115,0.51
Drought,9,2,3,135,58,5.57,98,-2,225,90,0.4
Drought,9,2,3,136,83,5.22,94,0,180,75,0.42
Drought,9,2,3,137,80,7.22,97,4,230,140,0.61
Drought,9,2,3,138,16,6.65,87,0,230,100,0.43
Drought,9,2,3,140,85,6.53,94,-1,210,115,0.55
Drought,9,2,4,141,30,8.98,90,1,245,120,0.49
Drought,9,2,4,142,2,7.44,97,1,240,125,0.52
Drought,9,2,4,143,70,5.9,90,2,185,90,0.49
Drought,9,2,4,144,89,5.36,100,0,230,115,0.5
Drought,9,2,4,145,36,3.78,94,1,210,120,0.57
Drought,9,2,4,146,56,5.17,93,0,220,105,0.48
Drought,9,2,4,147,45,3.81,93,0,200,110,0.55
Drought,9,2,4,149,77,5.17,97,-1,240,165,0.69
Drought,9,2,4,150,31,3.49,91,0,210,110,0.52
Drought,9,2,5,151,18,4.03,91,0,200,90,0.45
Drought,9,2,5,152,3,3.52,97,-1,215,120,0.56
Drought,9,2,5,153,41,4.93,94,0,230,95,0.41
Drought,9,2,5,155,46,5.43,91,0,235,120,0.51
Drought,9,2,5,156,60,4.35,94,1,200,90,0.45
Drought,9,2,5,157,6,6.27,92,0,205,95,0.46
Drought,9,2,5,158,62,5.54,91,-2,210,110,0.52
Drought,9,2,5,159,42,4.96,94,2,230,125,0.54
Drought,9,2,5,161,78,3.59,99,-1,205,110,0.54
Drought,9,2,6,162,73,5.69,96,2,230,105,0.46
Drought,9,2,6,163,24,3.88,93,2,225,120,0.53
Drought,9,2,6,164,15,4.71,93,0,220,110,0.5
Drought,9,2,6,165,9,3.92,105,0,210,130,0.62
Drought,9,2,6,166,57,3.99,92,0,200,100,0.5
Drought,9,2,6,167,37,3.02,93,0,200,105,0.53
Drought,9,2,6,168,49,4.31,90,-1,200,100,0.5
Drought,9,2,6,171,38,2.49,100,-1,230,120,0.52
Drought,9,2,6,172,21,3.88,90,0,200,110,0.55
Drought,9,2,7,174,86,3.27,95,0,210,85,0.4
Drought,9,2,7,175,87,2.17,102,-1,200,100,0.5
Drought,9,2,7,176,35,3.13,95,-1,200,90,0.45
Drought,9,2,7,177,13,2.49,105,2,220,100,0.45
Drought,9,2,7,179,17,4.24,89,0,200,90,0.45
Drought,9,2,7,180,76,3.7,94,1,220,100,0.45
Drought,9,2,7,182,53,4.28,95,3,220,120,0.55
Drought,9,2,7,183,55,5.11,94,3,230,110,0.48
Drought,9,2,7,184,14,5.4,97,1,240,120,0.5
Drought,9,2,8,186,51,4.28,90,-2,210,90,0.43
Drought,9,2,8,187,59,4.1,90,0,220,105,0.48
Drought,9,2,8,188,19,4.74,97,-3,230,100,0.43
Drought,9,2,8,189,22,4.06,91,-2,220,170,0.77
Drought,9,2,8,190,90,4.17,102,1,240,120,0.5
Drought,9,2,8,191,81,4.63,97,0,230,100,0.43
Drought,9,2,8,193,43,4.53,91,1,215,110,0.51
Drought,9,2,8,195,28,3.52,89,0,240,100,0.42
Drought,9,2,8,197,64,5.58,105,2,255,160,0.63
Drought,9,2,9,198,61,3.88,96,1,230,120,0.52
Drought,9,2,9,199,88,4.49,93,2,235,100,0.43
Drought,9,2,9,200,68,4.49,93,0,240,110,0.46
Drought,9,2,9,201,33,3.84,89,-6,220,85,0.39
Drought,9,2,9,202,66,4.53,90,0,230,110,0.48
Drought,9,2,9,203,11,3.31,104,1,230,130,0.57
Drought,9,2,9,204,34,3.42,94,0,225,110,0.49
Drought,9,2,9,205,8,4.24,88,0,215,110,0.51
Drought,9,2,9,206,12,3.49,91,-1,200,100,0.5
Drought,9,2,10,207,1,3.42,88,0,215,80,0.37
Drought,9,2,10,208,26,3.45,97,0,240,140,0.58
Drought,9,2,10,209,20,2.95,92,0,215,110,0.51
Drought,9,2,10,211,40,3.13,94,1,220,110,0.5
Drought,9,2,10,212,63,2.85,93,0,210,110,0.52
Drought,9,2,10,213,23,2.63,97,1,215,110,0.51
Drought,9,2,10,214,67,2.49,92,1,210,90,0.43
Drought,9,2,10,215,32,3.27,98,3,230,115,0.5
Drought,9,2,10,216,71,2.45,96,0,215,125,0.58
Drought,10,1,1,1,68,3.37,74,2,205,95,0.46
Drought,10,1,1,2,55,6.03,75,0,220,80,0.36
Drought,10,1,1,4,9,3.77,75,3,230,95,0.41
Drought,10,1,1,5,71,3.74,73,-1,220,100,0.45
Drought,10,1,1,6,4,3.74,72,3,210,125,0.6
Drought,10,1,1,7,47,3.43,74,2,220,110,0.5
Drought,10,1,1,8,75,2.91,77,5,200,90,0.45
Drought,10,1,1,9,32,3.07,76,2,210,90,0.43
Drought,10,1,1,10,22,2.28,74,2,200,70,0.35
Drought,10,1,2,11,40,2.68,75,1,225,120,0.53
Drought,10,1,2,12,1,2.94,79,5,220,110,0.5
Drought,10,1,2,15,18,2.25,75,1,190,70,0.37
Drought,10,1,2,16,3,3.39,77,2,205,100,0.49
Drought,10,1,2,17,59,2.22,78,1,210,85,0.4
Drought,10,1,2,18,49,3.74,76,1,200,80,0.4
Drought,10,1,2,20,81,2.92,75,4,180,60,0.33
Drought,10,1,2,21,77,4.1,83,3,200,110,0.55
Drought,10,1,2,22,67,3.35,77,4,200,100,0.5
Drought,10,1,3,23,37,4.87,77,2,220,95,0.43
Drought,10,1,3,24,76,2.59,79,4,190,80,0.42
Drought,10,1,3,25,7,2.6,70,2,195,70,0.36
Drought,10,1,3,26,53,1.9,79,5,190,90,0.47
Drought,10,1,3,27,12,1.88,74,0,190,80,0.42
Drought,10,1,3,28,26,3.43,71,-2,195,90,0.46
Drought,10,1,3,29,52,3.01,81,1,230,120,0.52
Drought,10,1,3,30,80,2.97,79,3,215,95,0.44
Drought,10,1,3,32,19,2.26,72,0,205,80,0.39
Drought,10,1,4,33,6,2.31,72,0,195,95,0.49
Drought,10,1,4,34,73,2.65,82,3,190,80,0.42
Drought,10,1,4,35,57,3.74,73,0,220,90,0.41
Drought,10,1,4,37,60,2.67,81,1,210,125,0.6
Drought,10,1,4,39,5,4.16,75,2,215,80,0.37
Drought,10,1,4,41,16,3.04,68,0,250,160,0.64
Drought,10,1,4,42,62,3.4,83,1,220,110,0.5
Drought,10,1,4,43,28,1.87,77,-2,210,110,0.52
Drought,10,1,4,44,48,4.2,73,4,200,80,0.4
Drought,10,1,5,45,74,4.6,76,4,210,85,0.4
Drought,10,1,5,46,44,2.23,75,-1,195,100,0.51
Drought,10,1,5,47,39,4.17,76,4,225,100,0.44
Drought,10,1,5,48,34,2.94,75,5,200,90,0.45
Drought,10,1,5,49,21,3.11,72,-1,230,100,0.43
Drought,10,1,5,51,17,5.36,75,-1,210,90,0.43
Drought,10,1,5,52,43,1.89,70,3,190,65,0.34
Drought,10,1,5,53,20,2.98,75,2,225,110,0.49
Drought,10,1,5,55,13,1.51,77,0,200,110,0.55
Drought,10,1,6,56,35,4.49,76,0,190,70,0.37
Drought,10,1,6,57,23,4.16,71,2,200,90,0.45
Drought,10,1,6,58,10,1.13,81,1,190,110,0.58
Drought,10,1,6,59,11,3.38,76,-2,200,100,0.5
Drought,10,1,6,60,30,1.51,71,4,220,115,0.52
Drought,10,1,6,62,56,2.63,83,1,215,100,0.47
Drought,10,1,6,63,64,3.35,80,2,205,95,0.46
Drought,10,1,6,64,87,4.1,74,4,200,95,0.48
Drought,10,1,6,65,29,1.94,72,0,225,115,0.51
Drought,10,1,7,66,14,2.27,77,2,210,110,0.52
Drought,10,1,7,67,63,4.11,78,7,210,90,0.43
Drought,10,1,7,68,27,1.86,74,-2,210,125,0.6
Drought,10,1,7,69,36,1.85,81,1,180,70,0.39
Drought,10,1,7,70,15,3.41,71,1,185,80,0.43
Drought,10,1,7,71,86,2.25,75,-1,190,70,0.37
Drought,10,1,7,72,2,4.24,77,3,210,100,0.48
Drought,10,1,7,73,72,3.07,79,3,210,100,0.48
Drought,10,1,7,74,83,3,77,3,220,110,0.5
Drought,10,1,8,75,79,3.68,80,1,235,115,0.49
Drought,10,1,8,76,54,3.39,79,2,195,100,0.51
Drought,10,1,8,77,65,1.86,82,7,210,100,0.48
Drought,10,1,8,78,78,3,74,3,200,85,0.43
Drought,10,1,8,80,31,1.88,82,1,240,110,0.46
Drought,10,1,8,81,61,2.59,78,4,195,80,0.41
Drought,10,1,8,82,69,3.28,77,3,200,90,0.45
Drought,10,1,8,83,46,4.11,72,-2,220,90,0.41
Drought,10,1,8,84,70,4.19,76,2,190,85,0.45
Drought,10,1,9,85,84,2.61,75,2,220,80,0.36
Drought,10,1,9,86,85,3.02,77,1,190,100,0.53
Drought,10,1,9,88,38,4.08,71,3,195,70,0.36
Drought,10,1,9,89,82,2.6,75,-1,175,100,0.57
Drought,10,1,9,90,58,3.01,73,3,220,95,0.43
Drought,10,1,9,91,42,2.3,74,7,205,130,0.63
Drought,10,1,9,92,89,2.56,76,5,190,100,0.53
Drought,10,1,9,94,41,2.59,82,1,240,135,0.56
Drought,10,1,9,96,25,3.1,72,-1,225,95,0.42
Drought,10,1,10,98,24,2.98,74,2,210,95,0.45
Drought,10,1,10,100,33,2.65,72,2,200,90,0.45
Drought,10,1,10,101,90,2.98,77,5,190,80,0.42
Drought,10,1,10,102,45,1.87,71,3,195,70,0.36
Drought,10,1,10,103,50,1.14,78,3,220,130,0.59
Drought,10,1,10,104,88,4.11,71,-2,180,65,0.36
Drought,10,1,10,105,8,3.06,72,0,200,80,0.4
Drought,10,1,10,107,51,3,78,2,220,75,0.34
Drought,10,1,10,108,66,2.61,79,0,200,80,0.4
Drought,10,2,1,109,16,3.36,78,1,220,120,0.55
Drought,10,2,1,110,84,3.38,68,13,220,120,0.55
Drought,10,2,1,111,71,3.37,79,-10,210,85,0.4
Drought,10,2,1,112,78,3.33,78,5,220,95,0.43
Drought,10,2,1,113,30,2.62,71,-1,210,95,0.45
Drought,10,2,1,114,14,2.03,77,3,195,80,0.41
Drought,10,2,1,115,22,4.59,71,1,215,85,0.4
Drought,10,2,1,116,80,3.4,78,4,210,90,0.43
Drought,10,2,1,117,77,4.66,74,2,205,75,0.37
Drought,10,2,2,118,17,3.38,68,0,165,70,0.42
Drought,10,2,2,120,69,3.43,72,5,190,80,0.42
Drought,10,2,2,121,87,2.28,85,5,200,110,0.55
Drought,10,2,2,122,68,3.71,76,1,190,70,0.37
Drought,10,2,2,125,62,2.23,77,4,210,85,0.4
Drought,10,2,2,126,56,6.36,76,3,180,75,0.42
Drought,10,2,2,127,7,2.64,81,0,215,90,0.42
Drought,10,2,2,129,9,2.71,76,2,205,100,0.49
Drought,10,2,2,130,5,3.08,71,1,210,100,0.48
Drought,10,2,3,131,25,2.61,68,4,200,100,0.5
Drought,10,2,3,132,15,3.32,73,1,200,90,0.45
Drought,10,2,3,133,8,3.1,77,2,200,90,0.45
Drought,10,2,3,134,18,2.13,79,2,230,120,0.52
Drought,10,2,3,135,83,1.51,83,1,210,90,0.43
Drought,10,2,3,136,39,4.48,70,3,165,60,0.36
Drought,10,2,3,137,32,2.6,76,1,205,80,0.39
Drought,10,2,3,138,74,2.25,88,3,200,80,0.4
Drought,10,2,3,139,81,3.73,78,3,190,95,0.5
Drought,10,2,4,140,52,2.23,76,3,210,90,0.43
Drought,10,2,4,141,54,4.85,76,1,215,90,0.42
Drought,10,2,4,142,24,1.5,77,3,215,100,0.47
Drought,10,2,4,143,35,4.1,73,2,190,80,0.42
Drought,10,2,4,144,88,4.09,78,2,210,110,0.52
Drought,10,2,4,145,43,2.24,79,1,210,105,0.5
Drought,10,2,4,146,58,2.26,76,0,225,105,0.47
Drought,10,2,4,147,72,3.43,79,0,195,75,0.38
Drought,10,2,4,148,1,1.85,81,2,220,80,0.36
Drought,10,2,5,149,10,6.66,74,2,145,80,0.55
Drought,10,2,5,151,26,3.35,77,1,205,105,0.51
Drought,10,2,5,152,28,3.01,76,2,220,100,0.45
Drought,10,2,5,153,2,3.84,80,5,210,90,0.43
Drought,10,2,5,154,75,5.33,74,2,185,80,0.43
Drought,10,2,5,155,76,3.31,77,4,170,70,0.41
Drought,10,2,5,156,44,2.66,73,1,200,100,0.5
Drought,10,2,5,157,13,2.67,73,1,200,80,0.4
Drought,10,2,5,158,89,3.41,77,5,210,100,0.48
Drought,10,2,6,160,3,4.9,74,3,210,90,0.43
Drought,10,2,6,161,82,2.61,72,3,200,90,0.45
Drought,10,2,6,162,51,2.67,72,1,190,90,0.47
Drought,10,2,6,165,59,3.33,72,1,235,110,0.47
Drought,10,2,6,166,55,5.28,77,1,205,85,0.41
Drought,10,2,6,167,53,3.74,74,2,190,105,0.55
Drought,10,2,6,168,50,2.59,77,-2,200,90,0.45
Drought,10,2,6,169,6,1.93,78,2,205,100,0.49
Drought,10,2,6,170,11,3.38,86,0,210,130,0.62
Drought,10,2,7,171,27,1.53,71,2,195,110,0.56
Drought,10,2,7,172,66,2.95,73,3,190,85,0.45
Drought,10,2,7,173,38,3.05,72,0,200,70,0.35
Drought,10,2,7,175,73,2.25,80,6,200,90,0.45
Drought,10,2,7,177,29,2.65,76,2,220,100,0.45
Drought,10,2,7,178,4,4.58,71,3,210,105,0.5
Drought,10,2,7,182,19,3.38,74,0,210,85,0.4
Drought,10,2,7,183,46,2.27,77,1,230,100,0.43
Drought,10,2,7,184,64,2.21,86,2,190,100,0.53
Drought,10,2,8,185,12,3.44,72,1,190,80,0.42
Drought,10,2,8,186,65,4.05,80,3,220,120,0.55
Drought,10,2,8,187,90,3.46,73,2,205,70,0.34
Drought,10,2,8,188,63,2.19,77,5,200,90,0.45
Drought,10,2,8,190,20,3.07,72,0,225,90,0.4
Drought,10,2,8,192,60,2.91,81,2,190,95,0.5
Drought,10,2,8,193,86,3.71,76,3,210,85,0.4
Drought,10,2,8,194,31,1.9,76,4,220,95,0.43
Drought,10,2,8,195,45,1.15,73,6,200,80,0.4
Drought,10,2,9,197,70,4.06,76,3,200,100,0.5
Drought,10,2,9,199,48,2.27,76,1,195,80,0.41
Drought,10,2,9,200,37,2.98,73,1,200,85,0.43
Drought,10,2,9,201,21,3.4,74,3,220,110,0.5
Drought,10,2,9,202,61,2.24,80,9,210,110,0.52
Drought,10,2,9,203,40,1.87,81,0,220,100,0.45
Drought,10,2,9,205,85,3.01,80,6,200,80,0.4
Drought,10,2,9,206,42,2.61,77,4,230,110,0.48
Drought,10,2,9,207,33,4.58,71,-1,200,90,0.45
Drought,10,2,10,208,47,3.03,74,2,210,90,0.43
Drought,10,2,10,209,41,2.59,79,2,230,110,0.48
Drought,10,2,10,210,49,3.07,72,-1,210,80,0.38
Drought,10,2,10,211,34,3.7,72,-2,170,70,0.41
Drought,10,2,10,212,67,3.69,74,1,210,100,0.48
Drought,10,2,10,213,57,3.3,73,0,210,100,0.48
Drought,10,2,10,214,36,4.37,81,4,195,85,0.44
Drought,10,2,10,215,23,3.45,72,4,195,100,0.51
Drought,10,2,10,216,79,3.67,77,3,205,115,0.56
Drought,11,1,1,1,43,4.41,101,1,180,85,0.47
Drought,11,1,1,2,66,4.63,101,-1,170,95,0.56
Drought,11,1,1,3,39,6.27,100,0,200,110,0.55
Drought,11,1,1,5,33,5.6,108,1,210,130,0.62
Drought,11,1,1,6,6,3.59,100,2,200,100,0.5
Drought,11,1,1,7,20,6.26,103,2,190,105,0.55
Drought,11,1,1,8,60,6.17,101,0,200,100,0.5
Drought,11,1,1,10,40,5.95,100,1,200,100,0.5
Drought,11,1,1,12,74,5.49,103,-1,200,120,0.6
Drought,11,1,2,13,79,6.67,103,-1,195,100,0.51
Drought,11,1,2,14,31,6.72,96,1,180,70,0.39
Drought,11,1,2,15,37,6.49,95,0,210,90,0.43
Drought,11,1,2,16,22,5.63,99,0,200,90,0.45
Drought,11,1,2,17,69,4.74,100,2,210,120,0.57
Drought,11,1,2,18,13,5.59,100,-1,200,100,0.5
Drought,11,1,2,19,58,4.99,108,0,230,130,0.57
Drought,11,1,2,20,82,3.91,94,1,200,110,0.55
Drought,11,1,2,22,36,2.88,107,0,230,140,0.61
Drought,11,1,3,23,34,4.48,91,2,225,90,0.4
Drought,11,1,3,24,15,8.4,99,1,225,130,0.58
Drought,11,1,3,25,90,6.72,97,5,220,115,0.52
Drought,11,1,3,26,10,3.59,102,3,200,110,0.55
Drought,11,1,3,27,55,1.81,108,1,220,125,0.57
Drought,11,1,3,28,89,4.81,101,0,210,100,0.48
Drought,11,1,3,29,14,6.31,103,1,240,140,0.58
Drought,11,1,3,30,47,5.09,100,-1,190,110,0.58
Drought,11,1,3,31,65,4.23,96,0,200,100,0.5
Drought,11,1,4,34,27,4.88,94,1,170,80,0.47
Drought,11,1,4,36,88,7,105,1,210,110,0.52
Drought,11,1,4,38,68,.,107,3,140,80,0.57
Drought,11,1,4,39,72,4.49,110,1,230,150,0.65
Drought,11,1,4,40,26,3.66,105,3,190,115,0.61
Drought,11,1,4,41,76,5.45,98,1,230,110,0.48
Drought,11,1,4,42,80,7.03,102,2,210,130,0.62
Drought,11,1,4,43,46,4.41,102,0,210,125,0.6
Drought,11,1,4,44,64,6.26,106,-1,210,90,0.43
Drought,11,1,5,46,54,6.53,102,-1,200,90,0.45
Drought,11,1,5,48,35,5.81,103,2,210,100,0.48
Drought,11,1,5,49,11,7.55,100,0,230,130,0.57
Drought,11,1,5,51,48,7.47,103,4,250,160,0.64
Drought,11,1,5,52,59,7.38,99,3,220,90,0.41
Drought,11,1,5,53,83,7.17,101,-2,210,100,0.48
Drought,11,1,5,54,4,6.77,96,-4,160,80,0.5
Drought,11,1,5,56,23,6.52,96,-1,160,80,0.5
Drought,11,1,5,57,67,7.7,97,0,200,110,0.55
Drought,11,1,6,58,42,4.45,105,-2,220,100,0.45
Drought,11,1,6,60,86,7.33,110,0,205,120,0.59
Drought,11,1,6,61,78,9.22,105,-2,200,100,0.5
Drought,11,1,6,62,84,4.88,106,5,205,90,0.44
Drought,11,1,6,63,52,6.38,106,0,200,125,0.63
Drought,11,1,6,64,77,6.53,107,2,220,130,0.59
Drought,11,1,6,65,8,9.1,108,.,210,130,0.62
Drought,11,1,6,66,21,5.67,99,-1,200,110,0.55
Drought,11,1,6,67,56,4.36,103,-1,230,110,0.48
Drought,11,1,7,68,51,5.3,100,0,190,105,0.55
Drought,11,1,7,69,44,6.6,106,0,230,130,0.57
Drought,11,1,7,70,75,6.28,107,0,210,110,0.52
Drought,11,1,7,72,16,2.06,108,2,220,140,0.64
Drought,11,1,7,74,71,6.82,97,4,190,85,0.45
Drought,11,1,7,75,5,5.3,99,-7,190,110,0.58
Drought,11,1,7,76,57,5.78,100,0,200,110,0.55
Drought,11,1,7,77,70,5.92,99,1,190,75,0.39
Drought,11,1,7,78,87,4.59,104,-1,210,115,0.55
Drought,11,1,8,79,41,3.45,108,1,230,120,0.52
Drought,11,1,8,80,9,2.99,100,6,210,100,0.48
Drought,11,1,8,81,73,4.09,101,0,215,110,0.51
Drought,11,1,8,82,38,4.95,99,1,220,115,0.52
Drought,11,1,8,83,25,4.59,108,-1,210,110,0.52
Drought,11,1,8,84,63,6.31,98,3,200,80,0.4
Drought,11,1,8,85,18,5.8,96,2,180,85,0.47
Drought,11,1,8,86,85,5.2,104,-2,230,120,0.52
Drought,11,1,8,87,81,6.85,94,3,200,80,0.4
Drought,11,1,9,88,7,5.16,108,-3,210,120,0.57
Drought,11,1,9,90,53,4.7,98,1,180,90,0.5
Drought,11,1,9,92,61,3.7,98,0,190,90,0.47
Drought,11,1,9,93,50,6.65,108,0,210,120,0.57
Drought,11,1,9,95,32,4.13,108,2,190,105,0.55
Drought,11,1,9,96,3,6.38,.,.,220,120,0.55
Drought,11,1,9,97,12,5.67,108,0,230,125,0.54
Drought,11,1,9,98,62,5.66,106,-1,190,110,0.58
Drought,11,1,9,99,45,4.7,111,1,210,110,0.52
Drought,11,1,10,100,29,4.95,101,2,210,105,0.5
Drought,11,1,10,101,49,5.74,108,2,220,120,0.55
Drought,11,1,10,102,2,5.49,111,1,200,120,0.6
Drought,11,1,10,103,17,7.1,98,0,200,110,0.55
Drought,11,1,10,104,30,6.31,102,-2,210,140,0.67
Drought,11,1,10,105,1,5.63,104,-2,190,100,0.53
Drought,11,1,10,106,24,6.67,105,-1,210,115,0.55
Drought,11,1,10,107,19,3.81,108,0,205,120,0.59
Drought,11,1,10,108,28,8.44,104,-1,180,95,0.53
Drought,11,2,1,109,6,7.89,97,0,180,90,0.5
Drought,11,2,1,110,82,.,105,6,150,60,0.4
Drought,11,2,1,112,53,6.38,102,3,200,90,0.45
Drought,11,2,1,113,46,5.13,99,0,210,110,0.52
Drought,11,2,1,114,79,4.99,101,0,200,115,0.58
Drought,11,2,1,115,87,7.09,99,-1,180,80,0.44
Drought,11,2,1,116,47,7.68,108,2,200,120,0.6
Drought,11,2,1,118,4,4.13,93,0,180,80,0.44
Drought,11,2,1,119,24,7.21,97,0,170,85,0.5
Drought,11,2,2,120,31,7.03,100,0,190,90,0.47
Drought,11,2,2,121,63,6.88,104,-1,200,110,0.55
Drought,11,2,2,122,77,6.34,100,0,180,80,0.44
Drought,11,2,2,123,84,6.71,105,2,205,125,0.61
Drought,11,2,2,124,57,6.24,104,3,230,110,0.48
Drought,11,2,2,125,60,4.63,100,1,170,80,0.47
Drought,11,2,2,127,64,4.73,100,5,205,90,0.44
Drought,11,2,2,129,88,6.75,106,1,220,120,0.55
Drought,11,2,2,130,28,5.83,108,1,200,95,0.48
Drought,11,2,3,131,81,6.93,101,1,210,130,0.62
Drought,11,2,3,132,50,5.52,99,0,220,105,0.48
Drought,11,2,3,133,16,7,100,0,210,100,0.48
Drought,11,2,3,134,13,4.16,96,0,190,85,0.45
Drought,11,2,3,135,55,6.96,98,1,200,100,0.5
Drought,11,2,3,136,26,4.84,98,1,200,95,0.48
Drought,11,2,3,137,2,6.02,99,-1,210,120,0.57
Drought,11,2,3,138,83,5.56,97,0,210,90,0.43
Drought,11,2,3,139,65,5.81,108,1,230,130,0.57
Drought,11,2,4,140,33,4.81,106,-2,210,130,0.62
Drought,11,2,4,141,75,6.74,98,-2,210,90,0.43
Drought,11,2,4,142,34,3.73,111,0,240,120,0.5
Drought,11,2,4,143,78,5.99,108,2,255,140,0.55
Drought,11,2,4,144,61,6.63,108,-1,240,130,0.54
Drought,11,2,4,145,38,5.38,104,0,220,100,0.45
Drought,11,2,4,146,29,4.56,108,0,210,110,0.52
Drought,11,2,4,147,51,6.17,104,0,200,110,0.55
Drought,11,2,4,148,58,4.41,107,3,240,100,0.42
Drought,11,2,5,149,71,7.61,100,1,190,100,0.53
Drought,11,2,5,150,80,5.67,109,-2,200,125,0.63
Drought,11,2,5,153,66,4.88,100,0,210,110,0.52
Drought,11,2,5,154,12,5.52,101,0,215,110,0.51
Drought,11,2,5,155,17,6.35,100,1,210,125,0.6
Drought,11,2,5,157,76,5.38,100,-1,200,100,0.5
Drought,11,2,5,158,23,6.75,102,1,210,120,0.57
Drought,11,2,5,159,5,5.38,97,-3,200,90,0.45
Drought,11,2,5,161,25,7.32,97,-1,170,90,0.53
Drought,11,2,6,162,8,9.26,90,0,170,70,0.41
Drought,11,2,6,163,15,9.14,93,-3,180,70,0.39
Drought,11,2,6,164,20,7.68,96,-2,190,100,0.53
Drought,11,2,6,165,67,7.03,106,1,210,140,0.67
Drought,11,2,6,166,21,5.52,99,0,210,120,0.57
Drought,11,2,6,167,49,5.27,100,-1,210,100,0.48
Drought,11,2,6,168,48,6.81,102,1,250,155,0.62
Drought,11,2,6,169,89,5.27,102,3,240,120,0.5
Drought,11,2,6,171,7,6.45,101,0,230,130,0.57
Drought,11,2,7,172,45,5.84,94,0,180,85,0.47
Drought,11,2,7,173,27,5.56,109,-1,220,140,0.64
Drought,11,2,7,174,10,6.45,105,0,220,110,0.5
Drought,11,2,7,175,85,4.48,106,-2,190,100,0.53
Drought,11,2,7,177,86,5.95,103,2,225,120,0.53
Drought,11,2,7,178,19,5.48,104,1,220,120,0.55
Drought,11,2,7,179,74,5.09,106,2,230,120,0.52
Drought,11,2,7,180,35,6.49,99,0,200,90,0.45
Drought,11,2,7,181,32,5.7,107,-1,220,140,0.64
Drought,11,2,8,182,11,6.67,102,1,200,105,0.53
Drought,11,2,8,183,44,5.52,106,0,240,120,0.5
Drought,11,2,8,184,70,6.49,100,0,190,90,0.47
Drought,11,2,8,185,42,4.77,108,-2,260,155,0.6
Drought,11,2,8,186,14,4.77,103,0,190,100,0.53
Drought,11,2,8,187,40,6.56,102,2,235,100,0.43
Drought,11,2,8,188,36,5.06,100,0,215,120,0.56
Drought,11,2,8,189,30,4.95,99,1,220,100,0.45
Drought,11,2,8,191,72,4.41,96,5,210,95,0.45
Drought,11,2,9,192,43,5.16,99,1,220,110,0.5
Drought,11,2,9,193,41,4.48,103,0,230,140,0.61
Drought,11,2,9,195,18,3.34,100,0,210,120,0.57
Drought,11,2,9,196,69,5.31,100,0,210,80,0.38
Drought,11,2,9,198,62,7.22,108,-1,250,125,0.5
Drought,11,2,9,199,56,3.66,104,-1,240,115,0.48
Drought,11,2,9,201,54,4.95,103,-1,260,150,0.58
Drought,11,2,9,202,22,7.35,103,-2,240,120,0.5
Drought,11,2,9,206,52,5.05,102,0,250,125,0.5
Drought,11,2,10,207,73,5.2,107,0,230,120,0.52
Drought,11,2,10,208,68,2.6,105,2,200,105,0.53
Drought,11,2,10,209,3,5.2,100,-1,210,120,0.57
Drought,11,2,10,210,39,5.95,99,-1,210,130,0.62
Drought,11,2,10,211,9,5.13,97,0,180,80,0.44
Drought,11,2,10,213,37,6.63,95,0,220,110,0.5
Drought,11,2,10,214,90,5.45,105,-2,220,130,0.59
Drought,11,2,10,215,59,6.38,99,0,220,120,0.55
Drought,11,2,10,216,1,8.62,103,0,205,105,0.51
